Txn Hash,Method,Block,Age,From,To,Value,Txn Fee
0x6adeb9946443a28e76de9dae1bd582466d38bd2ac310d6b242b548895c84b78c,Deposit,22392641,12 secs ago,0x61dd481a114a2e761c554b641742c973867899d3,BSC: Validator Set,0.059817366069618 BNB,0
0x7561ee81272149c3a89bd974ede98c8f927a6f81e0522a58e0f178d5c9d4d992,Transfer,22392641,12 secs ago,0x4ad956c7683038ea7d9dd8b9df70a85785752fd4,Binance: BUSD Stablecoin,0 BNB,0.00018057

0x641d878ecbb3c7be634facd75912366a1448bb3d45fa6b40acfdf7c8a732f5df,Transfer,22392641,12 secs ago,0x632f2e702d80ddc0f7fe7097b9405093054a79ae,0x3b5bbe51e85c83a5e11fe62363c25ac5bb970451,0.00048022 BNB,0.000105
0x40493e871f4734dc1bcc45ba761c436e8c9e506feb3cea30ea0850293aa46e70,Roll,22392641,12 secs ago,0xbd170416b6edf4f5c1a5c94e52cf434cdc1514ce,0xffe811714ab35360b67ee195ace7c10d93f89d8c,0 BNB,0.00145183

0xe71d656b49a3f945211ab420485ef7def9595eac78c7a88d5df457cbc66a1913,Swap Exact Token...,22392641,12 secs ago,0x6cf623c25be342e10efe86e327e5b626036fd98c,PancakeSwap: Router v2,0 BNB,0.00054138
0xeba969588e4a158201f4296b85c1eb222b030168bfe2020fec4801c8084b3599,Transfer,22392641,12 secs ago,0x606756f34c42341ff3e101dc5a3903806836ebbd,0x0cc9294434f996d9d57b51752163cf58f58ee42b,0.00111162 BNB,0.000105
0xcb47a4a987d522912a0302e3fcdabc7075535a6cbca73187dad22e18f4f92909,Checkin,22392641,12 secs ago,0x8d19e0597bb0ee331b901917886cda74d30f747c,0x96eade4c5ca5251caa7801ed38fada4807f63cbe,0 BNB,0.00023898
0x2178233ab29509ac742e908857eb2108bc31f71d4c711d86c3a9e6ada6667832,Mint,22392641,12 secs ago,0xccca60291dc01d1366f29adbf252df41cb9f9550,0x3d24c45565834377b59fceaa6864d6c25144ad6c,0 BNB,0.00047606
0x0ff2ea5868b4881c49a6ec21907b6497a882e17543923db59277818699aca015,Transfer,22392641,12 secs ago,0xf97aa36dbc7f73aadacf389721269f92db63ede1,0x3e6c82c1478910640ced0ec5e7c12b4247b5b5fc,0.0005 BNB,0.000105
0x856df97302644ddabd0998c2047f99876b79144e23a40d7ce48019106f3cc7c6,Transfer,22392641,12 secs ago,0xe970954f1fa148a761282ba1cbacb566b2a3802c,0x3b5bbe51e85c83a5e11fe62363c25ac5bb970451,0.00062283 BNB,0.000105
0xed513bd80ca7b4172d9d370c9c895c3453e9dcb99ca1140b29c2e0e7522c3c73,Transfer,22392641,12 secs ago,0x90e24856b8c57669101864d2424c4060ada2b97e,0x62fc8032683194fa803732d1ca2d78eb73766ebf,0.000210565 BNB,0.000105
0xc5e2bf5144d4fc19adeb248f261521026c74db940c3b4058486392092f1b0c78,Adventure,22392641,12 secs ago,0x918f1e2a6055703fa7aedb1b5bba1b34648326d3,0x3d24c45565834377b59fceaa6864d6c25144ad6c,0 BNB,0.00014267
0x42bf6d5f905e962f2c398fcb1939b919bab3fc058eceaacd8b483b7efb1e8809,Withdraw,22392641,12 secs ago,0x3da7ab2ffa93f9b3dc50850a95a848fa151ef153,0x6c38d6cf765a93a264fd33b8a7c0e3643311135f,0 BNB,0.00013284

0x8ff7491b3745ce42b645947a96e0398068388fec7163589d1c86985d0721d6db,Swap Exact Token...,22392641,12 secs ago,0x243f3f377a892e5bc8f2525d735bf08c523bc358,PancakeSwap: Router v2,0 BNB,0.00065485

0xe58c0dd10ce6f2f1b87670a19ccf2454e45a034c3be7fedb1b38513b61f26c2a,Multicall,22392641,12 secs ago,0x738d47b7b6d5dba75fd479fa492dfb4adc9a21e1,0xb61c5bddc27371ca290f9a30cff3d2ff7dd64393,0 BNB,0.0003546
0x2c34f520ef45f88410ce0fbec9e70840ae4317355fd08998ab0cfc73671c1644,Swap,22392641,12 secs ago,0xfc77dbb4cb5f3943fa695542a45f28b657513b7e,Metamask: Swap Router,0 BNB,0.00323143
0x9ae47c4ee00b04e86edbfc3c301bdfec15fdf9d4742735a09060c0f0341cd15d,Transfer,22392641,12 secs ago,0xa65978975049d210c90ab805033854f22e891107,0x1498c2bc2c54838c71f86a29b21b3de035a5a36a,0.000210565 BNB,0.000105
0xb6b928b8abb37809753804293fbbb31d6cce05e2037c55ff9bec5a95a5a09909,Transfer,22392641,12 secs ago,0x4d5b10f862f6936b9dacb7d3c637c9eea9b4e52c,ArenaPlay: APC Token,0 BNB,0.00036281
0xec154cb48506a0ab32ab26573b7aebfec1859382556ec0442884e35e7915b888,Swap,22392641,12 secs ago,0x62cd4b63efcf337c729f27ec3ccbce20a3bcf04f,OpenOcean: Exchange V2,0 BNB,0.00410227
0x4b04195724a1b91acc2409a818bec47f36da4deb01c42a3996421bc9aba341e6,Issue Max Synths,22392641,12 secs ago,0x66f1d2f1f94d665cc506821dc05cbc29ee5b6805,Horizon Protocol: HZN Token,0 BNB,0.00190008
0xe6b1cbe28a17e44172304ece3ef1208aafa844731d5fe20b96157c91203d0e17,Approve,22392641,12 secs ago,0xa460f1a8c93552b6a4b78a2f2836fac226d94c70,0xc9882def23bc42d53895b8361d0b1edc7570bc6a,0 BNB,0.00022086
0x053aca7f6542affbad7c082dbb67c9fab99fc455dd9eb036fa6c522923c9984d,Transfer,22392641,12 secs ago,0xa33830c389288d5a09e637c93b32b118ca992e33,0xc043d538d86915963ade0995cac9ec1c53229681,7.164895 BNB,0.000105
0x6bd3dbeff6599d79ffb62c687a9376e7290d603c9c164ec363eb8d4b9bf5db46,Transfer,22392641,12 secs ago,0xbfa60b23ad5c299eaa751ce12ffd5eb6fe1c0740,0x3b5bbe51e85c83a5e11fe62363c25ac5bb970451,0.00033761 BNB,0.000105
0xc6d3261eb823981b716ea3628a8580064398fa1557d489f8cdb2f634cc6628d4,Checkin,22392641,12 secs ago,0x914f02fff8d6e4399ec337e105b93a670be25110,0x96eade4c5ca5251caa7801ed38fada4807f63cbe,0 BNB,0.00023898
0xe9ef432ec05b94635240cff260b964c8b1e4a57f892e61587e9006f213770521,Transfer,22392641,12 secs ago,0xe1b90e054e0c3a9ad7ac1a682e04be98e5653877,0x3b5bbe51e85c83a5e11fe62363c25ac5bb970451,0.00076544 BNB,0.000105
0x376a5ad9144a855b894821c975edf5147686b949f255d67ad351449fc2f4bc6f,0xae8bbe1d,22392641,12 secs ago,0xf7a4679c9e7881169d9ef265eaeeb22f225e00df,0x00a6e93e3ce5300e41e8ed25ebd69c328fd45e5a,0 BNB,0.00067597
0xa16fe27b05312ec73f14d82635e22ad722bf3bf1aa53ffb1886f4939069e4c5d,Buy,22392641,12 secs ago,0xec8e1ee4d808f7a8071f5963d8dda857ec473de0,0x0cbdc32604cba40a69ad1bc2a3376c9263df81d9,0 BNB,0.00041483
0x032ce35d93eaab22895f3afee0d108a52474dce78b79333192402b5122c80f46,Reinvest,22392641,12 secs ago,0xd87f47772f7e6406f5263aa554253c19f8983460,0x14db45524ba5c7a8f232ab0eca1115dde896f2fc,0 BNB,0.00075439
0xdebf6725493b70dfa019ef70855c7166998c88fe656f98124416b0dd4b91dd6d,Deposit,22392641,12 secs ago,0x38aba77b4400eed770991c14942542406047bee0,0x6f107ce8a4b14adc4ef8922398d2d25b3f55ebd3,0 BNB,0.00336803
0x52dc9e0b2cc3d99666a9f946ad5ae724b64a56311cd7cf48e7561cd21c1b7176,Transfer,22392641,12 secs ago,0x6e63b0a554d6baab5c6215dc9457ae0b98d66eaf,BUSD-T Stablecoin,0 BNB,0.00018057
0x55454066782ebef2e4424eff5aaf272602d711e4697943b7aac24c21e8311eaf,Add Liquidity ET...,22392641,12 secs ago,0x4da688a3177f47c73a103e8b59134a176bce3df0,PancakeSwap: Router v2,0.883701047205599 BNB,0.00103764
0x17e8fe8f0b36cc61cebbb269e8f26d963c3cff97b119e168046c5bb6d5e11e3d,Transfer,22392641,12 secs ago,0xbfd1889f067e32f317e45ac92d8f61f4cb41f372,Binance: BUSD Stablecoin,0 BNB,0.00018063
0xa947ec294a88f451901734a82fab076a2eb71527c404ab5252349b1754b2bde8,Transfer,22392641,12 secs ago,0xa02420a4a8d01b6968b9a1f6431c94db2dc7b070,0x3b5bbe51e85c83a5e11fe62363c25ac5bb970451,0.00076544 BNB,0.000105
0x00b80573437e98a831cf0d4d5c1f5d08ce83e0a54a7c0a32ad91e897322fa1b8,Transfer,22392641,12 secs ago,0x77e0c7b475b7700d4ada5afe32bb05ed91b830ea,0x8775be7f0fe076adfcb747d2d35be10202f8fc17,0.02567749 BNB,0.000105
0xe8f7e10fe43c3706a73d2e192d5ce1b1efa39c3e694694a405da6c009552464f,Transfer,22392641,12 secs ago,0x3ffca71e27caed7c42c6dcdc9cab8e4be53a57fd,0x4556cae65f9cd88613338e72389f591bcc7a1c55,0.000210565 BNB,0.000105
0xad2292d93421c71fea60817dd18d27b7afc67e10043d15da5608fdc4569a51e2,Transfer,22392641,12 secs ago,0x23e01d48dc07d70cfdbe06d25f15eacbd0671154,0x3b5bbe51e85c83a5e11fe62363c25ac5bb970451,0.00076544 BNB,0.000105
0x546bf3208a9a9314f3eef9b274d8af49b739ba5a317cef9f6adb7576d5b8cd39,Transfer,22392641,12 secs ago,0x2be6801a1d1d207fcae0358cc34b19d80be9a796,0x3b5bbe51e85c83a5e11fe62363c25ac5bb970451,0.00076544 BNB,0.000105
0x1292821a7549a20e8a90763948d35440525d23cd9244b0e3e86610fc6d931ebe,Transfer,22392641,12 secs ago,0x6c5d69fd16b0ace7b097bd7aa13ac70a4b69251c,0x3b5bbe51e85c83a5e11fe62363c25ac5bb970451,0.00076544 BNB,0.000105
0x7b8c9bd4b61eeae1eeeac9e8569718f0be429f10db0edc640e644f54847e082a,Level Up,22392641,12 secs ago,0xccca60291dc01d1366f29adbf252df41cb9f9550,0x3d24c45565834377b59fceaa6864d6c25144ad6c,0 BNB,0.00015892
0x37e7633b3c510307970d87b08f5bdb587a5888b3e93e0ed36df5d6ac6e98c9e2,Transfer,22392641,12 secs ago,0x1fa014798e15e57977eb503822bd9d5af7569445,0x71592c97d63673967ea8cda942b07e303b016185,0.000210565 BNB,0.000105
0x8535b71bb42e92b185d26ef46f5e2c6e2a3fc1f976ef04ffa68fccad2bb1594b,Transfer,22392641,12 secs ago,0x1350a62e07b463906550af1a6ddbe48b162b607e,0x3b5bbe51e85c83a5e11fe62363c25ac5bb970451,0.00076544 BNB,0.000105
0x5f74b55f1d5d394cadc1b9ecf82a27f4ed52aa9bbfefdbe3d6159735a5d5828e,Withdraw,22392641,12 secs ago,0x3342f63f5b09226fb814174e308dfce8a6bf572f,0x0e4643a9c89efaf64f6a76dce2bd4dc41e00ac90,0 BNB,0.00054322
0xb489616119946aa5fd6c4f30063b7139e281bd07693bfc6d07f9b322ece20276,Withdraw Profit,22392641,12 secs ago,0x81d561d18fedcf711faf58a48bf4359bb80e143b,0x7e4d17cf2e310320c6a8edeefa13bf5fd6138055,0 BNB,0.00055839
0xbd843565577a188a560e2116272de22a8d5d372af40325013abfbc3c9ab427fa,Fight,22392641,12 secs ago,0x8a895608b068bed4f8adda0ff031ae43e85a5ee8,0xce34a87173130ef691ff81fef1a6e8b8a9daca6f,0 BNB,0.00075594
0x8c64ecd816dda97f5238bda7ad064f7b3578064fe8be1024e486b53090bcc76b,Transfer,22392641,12 secs ago,0xa591ed0607868ed5476d842b8504db7c73087151,0x3b5bbe51e85c83a5e11fe62363c25ac5bb970451,0.00076544 BNB,0.000105
0x919debce46b3ce0559af3a3ce8713f033796f3e6856c91c8567d6418c10d0973,Swap Exact Token...,22392641,12 secs ago,0x17a615b7619768d8d0771809185cf89d628d9d67,PancakeSwap: Router v2,0 BNB,0.00389618
0x6adeb9946443a28e76de9dae1bd582466d38bd2ac310d6b242b548895c84b78c,Deposit,22392641,12 secs ago,0x61dd481a114a2e761c554b641742c973867899d3,BSC: Validator Set,0.059817366069618 BNB,0
0x7561ee81272149c3a89bd974ede98c8f927a6f81e0522a58e0f178d5c9d4d992,Transfer,22392641,12 secs ago,0x4ad956c7683038ea7d9dd8b9df70a85785752fd4,Binance: BUSD Stablecoin,0 BNB,0.00018057

0x641d878ecbb3c7be634facd75912366a1448bb3d45fa6b40acfdf7c8a732f5df,Transfer,22392641,12 secs ago,0x632f2e702d80ddc0f7fe7097b9405093054a79ae,0x3b5bbe51e85c83a5e11fe62363c25ac5bb970451,0.00048022 BNB,0.000105
0x40493e871f4734dc1bcc45ba761c436e8c9e506feb3cea30ea0850293aa46e70,Roll,22392641,12 secs ago,0xbd170416b6edf4f5c1a5c94e52cf434cdc1514ce,0xffe811714ab35360b67ee195ace7c10d93f89d8c,0 BNB,0.00145183

0xe71d656b49a3f945211ab420485ef7def9595eac78c7a88d5df457cbc66a1913,Swap Exact Token...,22392641,12 secs ago,0x6cf623c25be342e10efe86e327e5b626036fd98c,PancakeSwap: Router v2,0 BNB,0.00054138
0xeba969588e4a158201f4296b85c1eb222b030168bfe2020fec4801c8084b3599,Transfer,22392641,12 secs ago,0x606756f34c42341ff3e101dc5a3903806836ebbd,0x0cc9294434f996d9d57b51752163cf58f58ee42b,0.00111162 BNB,0.000105
0xcb47a4a987d522912a0302e3fcdabc7075535a6cbca73187dad22e18f4f92909,Checkin,22392641,12 secs ago,0x8d19e0597bb0ee331b901917886cda74d30f747c,0x96eade4c5ca5251caa7801ed38fada4807f63cbe,0 BNB,0.00023898
0x2178233ab29509ac742e908857eb2108bc31f71d4c711d86c3a9e6ada6667832,Mint,22392641,12 secs ago,0xccca60291dc01d1366f29adbf252df41cb9f9550,0x3d24c45565834377b59fceaa6864d6c25144ad6c,0 BNB,0.00047606
0x0ff2ea5868b4881c49a6ec21907b6497a882e17543923db59277818699aca015,Transfer,22392641,12 secs ago,0xf97aa36dbc7f73aadacf389721269f92db63ede1,0x3e6c82c1478910640ced0ec5e7c12b4247b5b5fc,0.0005 BNB,0.000105
0x856df97302644ddabd0998c2047f99876b79144e23a40d7ce48019106f3cc7c6,Transfer,22392641,12 secs ago,0xe970954f1fa148a761282ba1cbacb566b2a3802c,0x3b5bbe51e85c83a5e11fe62363c25ac5bb970451,0.00062283 BNB,0.000105
0xed513bd80ca7b4172d9d370c9c895c3453e9dcb99ca1140b29c2e0e7522c3c73,Transfer,22392641,12 secs ago,0x90e24856b8c57669101864d2424c4060ada2b97e,0x62fc8032683194fa803732d1ca2d78eb73766ebf,0.000210565 BNB,0.000105
0xc5e2bf5144d4fc19adeb248f261521026c74db940c3b4058486392092f1b0c78,Adventure,22392641,12 secs ago,0x918f1e2a6055703fa7aedb1b5bba1b34648326d3,0x3d24c45565834377b59fceaa6864d6c25144ad6c,0 BNB,0.00014267
0x42bf6d5f905e962f2c398fcb1939b919bab3fc058eceaacd8b483b7efb1e8809,Withdraw,22392641,12 secs ago,0x3da7ab2ffa93f9b3dc50850a95a848fa151ef153,0x6c38d6cf765a93a264fd33b8a7c0e3643311135f,0 BNB,0.00013284

0x8ff7491b3745ce42b645947a96e0398068388fec7163589d1c86985d0721d6db,Swap Exact Token...,22392641,12 secs ago,0x243f3f377a892e5bc8f2525d735bf08c523bc358,PancakeSwap: Router v2,0 BNB,0.00065485

0xe58c0dd10ce6f2f1b87670a19ccf2454e45a034c3be7fedb1b38513b61f26c2a,Multicall,22392641,12 secs ago,0x738d47b7b6d5dba75fd479fa492dfb4adc9a21e1,0xb61c5bddc27371ca290f9a30cff3d2ff7dd64393,0 BNB,0.0003546
0x2c34f520ef45f88410ce0fbec9e70840ae4317355fd08998ab0cfc73671c1644,Swap,22392641,12 secs ago,0xfc77dbb4cb5f3943fa695542a45f28b657513b7e,Metamask: Swap Router,0 BNB,0.00323143
0x9ae47c4ee00b04e86edbfc3c301bdfec15fdf9d4742735a09060c0f0341cd15d,Transfer,22392641,12 secs ago,0xa65978975049d210c90ab805033854f22e891107,0x1498c2bc2c54838c71f86a29b21b3de035a5a36a,0.000210565 BNB,0.000105
0xb6b928b8abb37809753804293fbbb31d6cce05e2037c55ff9bec5a95a5a09909,Transfer,22392641,12 secs ago,0x4d5b10f862f6936b9dacb7d3c637c9eea9b4e52c,ArenaPlay: APC Token,0 BNB,0.00036281
0xec154cb48506a0ab32ab26573b7aebfec1859382556ec0442884e35e7915b888,Swap,22392641,12 secs ago,0x62cd4b63efcf337c729f27ec3ccbce20a3bcf04f,OpenOcean: Exchange V2,0 BNB,0.00410227
0x4b04195724a1b91acc2409a818bec47f36da4deb01c42a3996421bc9aba341e6,Issue Max Synths,22392641,12 secs ago,0x66f1d2f1f94d665cc506821dc05cbc29ee5b6805,Horizon Protocol: HZN Token,0 BNB,0.00190008
0xe6b1cbe28a17e44172304ece3ef1208aafa844731d5fe20b96157c91203d0e17,Approve,22392641,12 secs ago,0xa460f1a8c93552b6a4b78a2f2836fac226d94c70,0xc9882def23bc42d53895b8361d0b1edc7570bc6a,0 BNB,0.00022086
0x053aca7f6542affbad7c082dbb67c9fab99fc455dd9eb036fa6c522923c9984d,Transfer,22392641,12 secs ago,0xa33830c389288d5a09e637c93b32b118ca992e33,0xc043d538d86915963ade0995cac9ec1c53229681,7.164895 BNB,0.000105
0x6bd3dbeff6599d79ffb62c687a9376e7290d603c9c164ec363eb8d4b9bf5db46,Transfer,22392641,12 secs ago,0xbfa60b23ad5c299eaa751ce12ffd5eb6fe1c0740,0x3b5bbe51e85c83a5e11fe62363c25ac5bb970451,0.00033761 BNB,0.000105
0xc6d3261eb823981b716ea3628a8580064398fa1557d489f8cdb2f634cc6628d4,Checkin,22392641,12 secs ago,0x914f02fff8d6e4399ec337e105b93a670be25110,0x96eade4c5ca5251caa7801ed38fada4807f63cbe,0 BNB,0.00023898
0xe9ef432ec05b94635240cff260b964c8b1e4a57f892e61587e9006f213770521,Transfer,22392641,12 secs ago,0xe1b90e054e0c3a9ad7ac1a682e04be98e5653877,0x3b5bbe51e85c83a5e11fe62363c25ac5bb970451,0.00076544 BNB,0.000105
0x376a5ad9144a855b894821c975edf5147686b949f255d67ad351449fc2f4bc6f,0xae8bbe1d,22392641,12 secs ago,0xf7a4679c9e7881169d9ef265eaeeb22f225e00df,0x00a6e93e3ce5300e41e8ed25ebd69c328fd45e5a,0 BNB,0.00067597
0xa16fe27b05312ec73f14d82635e22ad722bf3bf1aa53ffb1886f4939069e4c5d,Buy,22392641,12 secs ago,0xec8e1ee4d808f7a8071f5963d8dda857ec473de0,0x0cbdc32604cba40a69ad1bc2a3376c9263df81d9,0 BNB,0.00041483
0x032ce35d93eaab22895f3afee0d108a52474dce78b79333192402b5122c80f46,Reinvest,22392641,12 secs ago,0xd87f47772f7e6406f5263aa554253c19f8983460,0x14db45524ba5c7a8f232ab0eca1115dde896f2fc,0 BNB,0.00075439
0xdebf6725493b70dfa019ef70855c7166998c88fe656f98124416b0dd4b91dd6d,Deposit,22392641,12 secs ago,0x38aba77b4400eed770991c14942542406047bee0,0x6f107ce8a4b14adc4ef8922398d2d25b3f55ebd3,0 BNB,0.00336803
0x52dc9e0b2cc3d99666a9f946ad5ae724b64a56311cd7cf48e7561cd21c1b7176,Transfer,22392641,12 secs ago,0x6e63b0a554d6baab5c6215dc9457ae0b98d66eaf,BUSD-T Stablecoin,0 BNB,0.00018057
0x55454066782ebef2e4424eff5aaf272602d711e4697943b7aac24c21e8311eaf,Add Liquidity ET...,22392641,12 secs ago,0x4da688a3177f47c73a103e8b59134a176bce3df0,PancakeSwap: Router v2,0.883701047205599 BNB,0.00103764
0x17e8fe8f0b36cc61cebbb269e8f26d963c3cff97b119e168046c5bb6d5e11e3d,Transfer,22392641,12 secs ago,0xbfd1889f067e32f317e45ac92d8f61f4cb41f372,Binance: BUSD Stablecoin,0 BNB,0.00018063
0xa947ec294a88f451901734a82fab076a2eb71527c404ab5252349b1754b2bde8,Transfer,22392641,12 secs ago,0xa02420a4a8d01b6968b9a1f6431c94db2dc7b070,0x3b5bbe51e85c83a5e11fe62363c25ac5bb970451,0.00076544 BNB,0.000105
0x00b80573437e98a831cf0d4d5c1f5d08ce83e0a54a7c0a32ad91e897322fa1b8,Transfer,22392641,12 secs ago,0x77e0c7b475b7700d4ada5afe32bb05ed91b830ea,0x8775be7f0fe076adfcb747d2d35be10202f8fc17,0.02567749 BNB,0.000105
0xe8f7e10fe43c3706a73d2e192d5ce1b1efa39c3e694694a405da6c009552464f,Transfer,22392641,12 secs ago,0x3ffca71e27caed7c42c6dcdc9cab8e4be53a57fd,0x4556cae65f9cd88613338e72389f591bcc7a1c55,0.000210565 BNB,0.000105
0xad2292d93421c71fea60817dd18d27b7afc67e10043d15da5608fdc4569a51e2,Transfer,22392641,12 secs ago,0x23e01d48dc07d70cfdbe06d25f15eacbd0671154,0x3b5bbe51e85c83a5e11fe62363c25ac5bb970451,0.00076544 BNB,0.000105
0x546bf3208a9a9314f3eef9b274d8af49b739ba5a317cef9f6adb7576d5b8cd39,Transfer,22392641,12 secs ago,0x2be6801a1d1d207fcae0358cc34b19d80be9a796,0x3b5bbe51e85c83a5e11fe62363c25ac5bb970451,0.00076544 BNB,0.000105
0x1292821a7549a20e8a90763948d35440525d23cd9244b0e3e86610fc6d931ebe,Transfer,22392641,12 secs ago,0x6c5d69fd16b0ace7b097bd7aa13ac70a4b69251c,0x3b5bbe51e85c83a5e11fe62363c25ac5bb970451,0.00076544 BNB,0.000105
0x7b8c9bd4b61eeae1eeeac9e8569718f0be429f10db0edc640e644f54847e082a,Level Up,22392641,12 secs ago,0xccca60291dc01d1366f29adbf252df41cb9f9550,0x3d24c45565834377b59fceaa6864d6c25144ad6c,0 BNB,0.00015892
0x37e7633b3c510307970d87b08f5bdb587a5888b3e93e0ed36df5d6ac6e98c9e2,Transfer,22392641,12 secs ago,0x1fa014798e15e57977eb503822bd9d5af7569445,0x71592c97d63673967ea8cda942b07e303b016185,0.000210565 BNB,0.000105
0x8535b71bb42e92b185d26ef46f5e2c6e2a3fc1f976ef04ffa68fccad2bb1594b,Transfer,22392641,12 secs ago,0x1350a62e07b463906550af1a6ddbe48b162b607e,0x3b5bbe51e85c83a5e11fe62363c25ac5bb970451,0.00076544 BNB,0.000105
0x5f74b55f1d5d394cadc1b9ecf82a27f4ed52aa9bbfefdbe3d6159735a5d5828e,Withdraw,22392641,12 secs ago,0x3342f63f5b09226fb814174e308dfce8a6bf572f,0x0e4643a9c89efaf64f6a76dce2bd4dc41e00ac90,0 BNB,0.00054322
0xb489616119946aa5fd6c4f30063b7139e281bd07693bfc6d07f9b322ece20276,Withdraw Profit,22392641,12 secs ago,0x81d561d18fedcf711faf58a48bf4359bb80e143b,0x7e4d17cf2e310320c6a8edeefa13bf5fd6138055,0 BNB,0.00055839
0xbd843565577a188a560e2116272de22a8d5d372af40325013abfbc3c9ab427fa,Fight,22392641,12 secs ago,0x8a895608b068bed4f8adda0ff031ae43e85a5ee8,0xce34a87173130ef691ff81fef1a6e8b8a9daca6f,0 BNB,0.00075594
0x8c64ecd816dda97f5238bda7ad064f7b3578064fe8be1024e486b53090bcc76b,Transfer,22392641,12 secs ago,0xa591ed0607868ed5476d842b8504db7c73087151,0x3b5bbe51e85c83a5e11fe62363c25ac5bb970451,0.00076544 BNB,0.000105
0x919debce46b3ce0559af3a3ce8713f033796f3e6856c91c8567d6418c10d0973,Swap Exact Token...,22392641,12 secs ago,0x17a615b7619768d8d0771809185cf89d628d9d67,PancakeSwap: Router v2,0 BNB,0.00389618
0x6adeb9946443a28e76de9dae1bd582466d38bd2ac310d6b242b548895c84b78c,Deposit,22392641,12 secs ago,0x61dd481a114a2e761c554b641742c973867899d3,BSC: Validator Set,0.059817366069618 BNB,0
0x7561ee81272149c3a89bd974ede98c8f927a6f81e0522a58e0f178d5c9d4d992,Transfer,22392641,12 secs ago,0x4ad956c7683038ea7d9dd8b9df70a85785752fd4,Binance: BUSD Stablecoin,0 BNB,0.00018057

0x641d878ecbb3c7be634facd75912366a1448bb3d45fa6b40acfdf7c8a732f5df,Transfer,22392641,12 secs ago,0x632f2e702d80ddc0f7fe7097b9405093054a79ae,0x3b5bbe51e85c83a5e11fe62363c25ac5bb970451,0.00048022 BNB,0.000105
0x40493e871f4734dc1bcc45ba761c436e8c9e506feb3cea30ea0850293aa46e70,Roll,22392641,12 secs ago,0xbd170416b6edf4f5c1a5c94e52cf434cdc1514ce,0xffe811714ab35360b67ee195ace7c10d93f89d8c,0 BNB,0.00145183

0xe71d656b49a3f945211ab420485ef7def9595eac78c7a88d5df457cbc66a1913,Swap Exact Token...,22392641,12 secs ago,0x6cf623c25be342e10efe86e327e5b626036fd98c,PancakeSwap: Router v2,0 BNB,0.00054138
0xeba969588e4a158201f4296b85c1eb222b030168bfe2020fec4801c8084b3599,Transfer,22392641,12 secs ago,0x606756f34c42341ff3e101dc5a3903806836ebbd,0x0cc9294434f996d9d57b51752163cf58f58ee42b,0.00111162 BNB,0.000105
0xcb47a4a987d522912a0302e3fcdabc7075535a6cbca73187dad22e18f4f92909,Checkin,22392641,12 secs ago,0x8d19e0597bb0ee331b901917886cda74d30f747c,0x96eade4c5ca5251caa7801ed38fada4807f63cbe,0 BNB,0.00023898
0x2178233ab29509ac742e908857eb2108bc31f71d4c711d86c3a9e6ada6667832,Mint,22392641,12 secs ago,0xccca60291dc01d1366f29adbf252df41cb9f9550,0x3d24c45565834377b59fceaa6864d6c25144ad6c,0 BNB,0.00047606
0x0ff2ea5868b4881c49a6ec21907b6497a882e17543923db59277818699aca015,Transfer,22392641,12 secs ago,0xf97aa36dbc7f73aadacf389721269f92db63ede1,0x3e6c82c1478910640ced0ec5e7c12b4247b5b5fc,0.0005 BNB,0.000105
0x856df97302644ddabd0998c2047f99876b79144e23a40d7ce48019106f3cc7c6,Transfer,22392641,12 secs ago,0xe970954f1fa148a761282ba1cbacb566b2a3802c,0x3b5bbe51e85c83a5e11fe62363c25ac5bb970451,0.00062283 BNB,0.000105
0xed513bd80ca7b4172d9d370c9c895c3453e9dcb99ca1140b29c2e0e7522c3c73,Transfer,22392641,12 secs ago,0x90e24856b8c57669101864d2424c4060ada2b97e,0x62fc8032683194fa803732d1ca2d78eb73766ebf,0.000210565 BNB,0.000105
0xc5e2bf5144d4fc19adeb248f261521026c74db940c3b4058486392092f1b0c78,Adventure,22392641,12 secs ago,0x918f1e2a6055703fa7aedb1b5bba1b34648326d3,0x3d24c45565834377b59fceaa6864d6c25144ad6c,0 BNB,0.00014267
0x42bf6d5f905e962f2c398fcb1939b919bab3fc058eceaacd8b483b7efb1e8809,Withdraw,22392641,12 secs ago,0x3da7ab2ffa93f9b3dc50850a95a848fa151ef153,0x6c38d6cf765a93a264fd33b8a7c0e3643311135f,0 BNB,0.00013284

0x8ff7491b3745ce42b645947a96e0398068388fec7163589d1c86985d0721d6db,Swap Exact Token...,22392641,12 secs ago,0x243f3f377a892e5bc8f2525d735bf08c523bc358,PancakeSwap: Router v2,0 BNB,0.00065485

0xe58c0dd10ce6f2f1b87670a19ccf2454e45a034c3be7fedb1b38513b61f26c2a,Multicall,22392641,12 secs ago,0x738d47b7b6d5dba75fd479fa492dfb4adc9a21e1,0xb61c5bddc27371ca290f9a30cff3d2ff7dd64393,0 BNB,0.0003546
0x2c34f520ef45f88410ce0fbec9e70840ae4317355fd08998ab0cfc73671c1644,Swap,22392641,12 secs ago,0xfc77dbb4cb5f3943fa695542a45f28b657513b7e,Metamask: Swap Router,0 BNB,0.00323143
0x9ae47c4ee00b04e86edbfc3c301bdfec15fdf9d4742735a09060c0f0341cd15d,Transfer,22392641,12 secs ago,0xa65978975049d210c90ab805033854f22e891107,0x1498c2bc2c54838c71f86a29b21b3de035a5a36a,0.000210565 BNB,0.000105
0xb6b928b8abb37809753804293fbbb31d6cce05e2037c55ff9bec5a95a5a09909,Transfer,22392641,12 secs ago,0x4d5b10f862f6936b9dacb7d3c637c9eea9b4e52c,ArenaPlay: APC Token,0 BNB,0.00036281
0xec154cb48506a0ab32ab26573b7aebfec1859382556ec0442884e35e7915b888,Swap,22392641,12 secs ago,0x62cd4b63efcf337c729f27ec3ccbce20a3bcf04f,OpenOcean: Exchange V2,0 BNB,0.00410227
0x4b04195724a1b91acc2409a818bec47f36da4deb01c42a3996421bc9aba341e6,Issue Max Synths,22392641,12 secs ago,0x66f1d2f1f94d665cc506821dc05cbc29ee5b6805,Horizon Protocol: HZN Token,0 BNB,0.00190008
0xe6b1cbe28a17e44172304ece3ef1208aafa844731d5fe20b96157c91203d0e17,Approve,22392641,12 secs ago,0xa460f1a8c93552b6a4b78a2f2836fac226d94c70,0xc9882def23bc42d53895b8361d0b1edc7570bc6a,0 BNB,0.00022086
0x053aca7f6542affbad7c082dbb67c9fab99fc455dd9eb036fa6c522923c9984d,Transfer,22392641,12 secs ago,0xa33830c389288d5a09e637c93b32b118ca992e33,0xc043d538d86915963ade0995cac9ec1c53229681,7.164895 BNB,0.000105
0x6bd3dbeff6599d79ffb62c687a9376e7290d603c9c164ec363eb8d4b9bf5db46,Transfer,22392641,12 secs ago,0xbfa60b23ad5c299eaa751ce12ffd5eb6fe1c0740,0x3b5bbe51e85c83a5e11fe62363c25ac5bb970451,0.00033761 BNB,0.000105
0xc6d3261eb823981b716ea3628a8580064398fa1557d489f8cdb2f634cc6628d4,Checkin,22392641,12 secs ago,0x914f02fff8d6e4399ec337e105b93a670be25110,0x96eade4c5ca5251caa7801ed38fada4807f63cbe,0 BNB,0.00023898
0xe9ef432ec05b94635240cff260b964c8b1e4a57f892e61587e9006f213770521,Transfer,22392641,12 secs ago,0xe1b90e054e0c3a9ad7ac1a682e04be98e5653877,0x3b5bbe51e85c83a5e11fe62363c25ac5bb970451,0.00076544 BNB,0.000105
0x376a5ad9144a855b894821c975edf5147686b949f255d67ad351449fc2f4bc6f,0xae8bbe1d,22392641,12 secs ago,0xf7a4679c9e7881169d9ef265eaeeb22f225e00df,0x00a6e93e3ce5300e41e8ed25ebd69c328fd45e5a,0 BNB,0.00067597
0xa16fe27b05312ec73f14d82635e22ad722bf3bf1aa53ffb1886f4939069e4c5d,Buy,22392641,12 secs ago,0xec8e1ee4d808f7a8071f5963d8dda857ec473de0,0x0cbdc32604cba40a69ad1bc2a3376c9263df81d9,0 BNB,0.00041483
0x032ce35d93eaab22895f3afee0d108a52474dce78b79333192402b5122c80f46,Reinvest,22392641,12 secs ago,0xd87f47772f7e6406f5263aa554253c19f8983460,0x14db45524ba5c7a8f232ab0eca1115dde896f2fc,0 BNB,0.00075439
0xdebf6725493b70dfa019ef70855c7166998c88fe656f98124416b0dd4b91dd6d,Deposit,22392641,12 secs ago,0x38aba77b4400eed770991c14942542406047bee0,0x6f107ce8a4b14adc4ef8922398d2d25b3f55ebd3,0 BNB,0.00336803
0x52dc9e0b2cc3d99666a9f946ad5ae724b64a56311cd7cf48e7561cd21c1b7176,Transfer,22392641,12 secs ago,0x6e63b0a554d6baab5c6215dc9457ae0b98d66eaf,BUSD-T Stablecoin,0 BNB,0.00018057
0x55454066782ebef2e4424eff5aaf272602d711e4697943b7aac24c21e8311eaf,Add Liquidity ET...,22392641,12 secs ago,0x4da688a3177f47c73a103e8b59134a176bce3df0,PancakeSwap: Router v2,0.883701047205599 BNB,0.00103764
0x17e8fe8f0b36cc61cebbb269e8f26d963c3cff97b119e168046c5bb6d5e11e3d,Transfer,22392641,12 secs ago,0xbfd1889f067e32f317e45ac92d8f61f4cb41f372,Binance: BUSD Stablecoin,0 BNB,0.00018063
0xa947ec294a88f451901734a82fab076a2eb71527c404ab5252349b1754b2bde8,Transfer,22392641,12 secs ago,0xa02420a4a8d01b6968b9a1f6431c94db2dc7b070,0x3b5bbe51e85c83a5e11fe62363c25ac5bb970451,0.00076544 BNB,0.000105
0x00b80573437e98a831cf0d4d5c1f5d08ce83e0a54a7c0a32ad91e897322fa1b8,Transfer,22392641,12 secs ago,0x77e0c7b475b7700d4ada5afe32bb05ed91b830ea,0x8775be7f0fe076adfcb747d2d35be10202f8fc17,0.02567749 BNB,0.000105
0xe8f7e10fe43c3706a73d2e192d5ce1b1efa39c3e694694a405da6c009552464f,Transfer,22392641,12 secs ago,0x3ffca71e27caed7c42c6dcdc9cab8e4be53a57fd,0x4556cae65f9cd88613338e72389f591bcc7a1c55,0.000210565 BNB,0.000105
0xad2292d93421c71fea60817dd18d27b7afc67e10043d15da5608fdc4569a51e2,Transfer,22392641,12 secs ago,0x23e01d48dc07d70cfdbe06d25f15eacbd0671154,0x3b5bbe51e85c83a5e11fe62363c25ac5bb970451,0.00076544 BNB,0.000105
0x546bf3208a9a9314f3eef9b274d8af49b739ba5a317cef9f6adb7576d5b8cd39,Transfer,22392641,12 secs ago,0x2be6801a1d1d207fcae0358cc34b19d80be9a796,0x3b5bbe51e85c83a5e11fe62363c25ac5bb970451,0.00076544 BNB,0.000105
0x1292821a7549a20e8a90763948d35440525d23cd9244b0e3e86610fc6d931ebe,Transfer,22392641,12 secs ago,0x6c5d69fd16b0ace7b097bd7aa13ac70a4b69251c,0x3b5bbe51e85c83a5e11fe62363c25ac5bb970451,0.00076544 BNB,0.000105
0x7b8c9bd4b61eeae1eeeac9e8569718f0be429f10db0edc640e644f54847e082a,Level Up,22392641,12 secs ago,0xccca60291dc01d1366f29adbf252df41cb9f9550,0x3d24c45565834377b59fceaa6864d6c25144ad6c,0 BNB,0.00015892
0x37e7633b3c510307970d87b08f5bdb587a5888b3e93e0ed36df5d6ac6e98c9e2,Transfer,22392641,12 secs ago,0x1fa014798e15e57977eb503822bd9d5af7569445,0x71592c97d63673967ea8cda942b07e303b016185,0.000210565 BNB,0.000105
0x8535b71bb42e92b185d26ef46f5e2c6e2a3fc1f976ef04ffa68fccad2bb1594b,Transfer,22392641,12 secs ago,0x1350a62e07b463906550af1a6ddbe48b162b607e,0x3b5bbe51e85c83a5e11fe62363c25ac5bb970451,0.00076544 BNB,0.000105
0x5f74b55f1d5d394cadc1b9ecf82a27f4ed52aa9bbfefdbe3d6159735a5d5828e,Withdraw,22392641,12 secs ago,0x3342f63f5b09226fb814174e308dfce8a6bf572f,0x0e4643a9c89efaf64f6a76dce2bd4dc41e00ac90,0 BNB,0.00054322
0xb489616119946aa5fd6c4f30063b7139e281bd07693bfc6d07f9b322ece20276,Withdraw Profit,22392641,12 secs ago,0x81d561d18fedcf711faf58a48bf4359bb80e143b,0x7e4d17cf2e310320c6a8edeefa13bf5fd6138055,0 BNB,0.00055839
0xbd843565577a188a560e2116272de22a8d5d372af40325013abfbc3c9ab427fa,Fight,22392641,12 secs ago,0x8a895608b068bed4f8adda0ff031ae43e85a5ee8,0xce34a87173130ef691ff81fef1a6e8b8a9daca6f,0 BNB,0.00075594
0x8c64ecd816dda97f5238bda7ad064f7b3578064fe8be1024e486b53090bcc76b,Transfer,22392641,12 secs ago,0xa591ed0607868ed5476d842b8504db7c73087151,0x3b5bbe51e85c83a5e11fe62363c25ac5bb970451,0.00076544 BNB,0.000105
0x919debce46b3ce0559af3a3ce8713f033796f3e6856c91c8567d6418c10d0973,Swap Exact Token...,22392641,12 secs ago,0x17a615b7619768d8d0771809185cf89d628d9d67,PancakeSwap: Router v2,0 BNB,0.00389618
0x6adeb9946443a28e76de9dae1bd582466d38bd2ac310d6b242b548895c84b78c,Deposit,22392641,12 secs ago,0x61dd481a114a2e761c554b641742c973867899d3,BSC: Validator Set,0.059817366069618 BNB,0
0x7561ee81272149c3a89bd974ede98c8f927a6f81e0522a58e0f178d5c9d4d992,Transfer,22392641,12 secs ago,0x4ad956c7683038ea7d9dd8b9df70a85785752fd4,Binance: BUSD Stablecoin,0 BNB,0.00018057

0x641d878ecbb3c7be634facd75912366a1448bb3d45fa6b40acfdf7c8a732f5df,Transfer,22392641,12 secs ago,0x632f2e702d80ddc0f7fe7097b9405093054a79ae,0x3b5bbe51e85c83a5e11fe62363c25ac5bb970451,0.00048022 BNB,0.000105
0x40493e871f4734dc1bcc45ba761c436e8c9e506feb3cea30ea0850293aa46e70,Roll,22392641,12 secs ago,0xbd170416b6edf4f5c1a5c94e52cf434cdc1514ce,0xffe811714ab35360b67ee195ace7c10d93f89d8c,0 BNB,0.00145183

0xe71d656b49a3f945211ab420485ef7def9595eac78c7a88d5df457cbc66a1913,Swap Exact Token...,22392641,12 secs ago,0x6cf623c25be342e10efe86e327e5b626036fd98c,PancakeSwap: Router v2,0 BNB,0.00054138
0xeba969588e4a158201f4296b85c1eb222b030168bfe2020fec4801c8084b3599,Transfer,22392641,12 secs ago,0x606756f34c42341ff3e101dc5a3903806836ebbd,0x0cc9294434f996d9d57b51752163cf58f58ee42b,0.00111162 BNB,0.000105
0xcb47a4a987d522912a0302e3fcdabc7075535a6cbca73187dad22e18f4f92909,Checkin,22392641,12 secs ago,0x8d19e0597bb0ee331b901917886cda74d30f747c,0x96eade4c5ca5251caa7801ed38fada4807f63cbe,0 BNB,0.00023898
0x2178233ab29509ac742e908857eb2108bc31f71d4c711d86c3a9e6ada6667832,Mint,22392641,12 secs ago,0xccca60291dc01d1366f29adbf252df41cb9f9550,0x3d24c45565834377b59fceaa6864d6c25144ad6c,0 BNB,0.00047606
0x0ff2ea5868b4881c49a6ec21907b6497a882e17543923db59277818699aca015,Transfer,22392641,12 secs ago,0xf97aa36dbc7f73aadacf389721269f92db63ede1,0x3e6c82c1478910640ced0ec5e7c12b4247b5b5fc,0.0005 BNB,0.000105
0x856df97302644ddabd0998c2047f99876b79144e23a40d7ce48019106f3cc7c6,Transfer,22392641,12 secs ago,0xe970954f1fa148a761282ba1cbacb566b2a3802c,0x3b5bbe51e85c83a5e11fe62363c25ac5bb970451,0.00062283 BNB,0.000105
0xed513bd80ca7b4172d9d370c9c895c3453e9dcb99ca1140b29c2e0e7522c3c73,Transfer,22392641,12 secs ago,0x90e24856b8c57669101864d2424c4060ada2b97e,0x62fc8032683194fa803732d1ca2d78eb73766ebf,0.000210565 BNB,0.000105
0xc5e2bf5144d4fc19adeb248f261521026c74db940c3b4058486392092f1b0c78,Adventure,22392641,12 secs ago,0x918f1e2a6055703fa7aedb1b5bba1b34648326d3,0x3d24c45565834377b59fceaa6864d6c25144ad6c,0 BNB,0.00014267
0x42bf6d5f905e962f2c398fcb1939b919bab3fc058eceaacd8b483b7efb1e8809,Withdraw,22392641,12 secs ago,0x3da7ab2ffa93f9b3dc50850a95a848fa151ef153,0x6c38d6cf765a93a264fd33b8a7c0e3643311135f,0 BNB,0.00013284

0x8ff7491b3745ce42b645947a96e0398068388fec7163589d1c86985d0721d6db,Swap Exact Token...,22392641,12 secs ago,0x243f3f377a892e5bc8f2525d735bf08c523bc358,PancakeSwap: Router v2,0 BNB,0.00065485

0xe58c0dd10ce6f2f1b87670a19ccf2454e45a034c3be7fedb1b38513b61f26c2a,Multicall,22392641,12 secs ago,0x738d47b7b6d5dba75fd479fa492dfb4adc9a21e1,0xb61c5bddc27371ca290f9a30cff3d2ff7dd64393,0 BNB,0.0003546
0x2c34f520ef45f88410ce0fbec9e70840ae4317355fd08998ab0cfc73671c1644,Swap,22392641,12 secs ago,0xfc77dbb4cb5f3943fa695542a45f28b657513b7e,Metamask: Swap Router,0 BNB,0.00323143
0x9ae47c4ee00b04e86edbfc3c301bdfec15fdf9d4742735a09060c0f0341cd15d,Transfer,22392641,12 secs ago,0xa65978975049d210c90ab805033854f22e891107,0x1498c2bc2c54838c71f86a29b21b3de035a5a36a,0.000210565 BNB,0.000105
0xb6b928b8abb37809753804293fbbb31d6cce05e2037c55ff9bec5a95a5a09909,Transfer,22392641,12 secs ago,0x4d5b10f862f6936b9dacb7d3c637c9eea9b4e52c,ArenaPlay: APC Token,0 BNB,0.00036281
0xec154cb48506a0ab32ab26573b7aebfec1859382556ec0442884e35e7915b888,Swap,22392641,12 secs ago,0x62cd4b63efcf337c729f27ec3ccbce20a3bcf04f,OpenOcean: Exchange V2,0 BNB,0.00410227
0x4b04195724a1b91acc2409a818bec47f36da4deb01c42a3996421bc9aba341e6,Issue Max Synths,22392641,12 secs ago,0x66f1d2f1f94d665cc506821dc05cbc29ee5b6805,Horizon Protocol: HZN Token,0 BNB,0.00190008
0xe6b1cbe28a17e44172304ece3ef1208aafa844731d5fe20b96157c91203d0e17,Approve,22392641,12 secs ago,0xa460f1a8c93552b6a4b78a2f2836fac226d94c70,0xc9882def23bc42d53895b8361d0b1edc7570bc6a,0 BNB,0.00022086
0x053aca7f6542affbad7c082dbb67c9fab99fc455dd9eb036fa6c522923c9984d,Transfer,22392641,12 secs ago,0xa33830c389288d5a09e637c93b32b118ca992e33,0xc043d538d86915963ade0995cac9ec1c53229681,7.164895 BNB,0.000105
0x6bd3dbeff6599d79ffb62c687a9376e7290d603c9c164ec363eb8d4b9bf5db46,Transfer,22392641,12 secs ago,0xbfa60b23ad5c299eaa751ce12ffd5eb6fe1c0740,0x3b5bbe51e85c83a5e11fe62363c25ac5bb970451,0.00033761 BNB,0.000105
0xc6d3261eb823981b716ea3628a8580064398fa1557d489f8cdb2f634cc6628d4,Checkin,22392641,12 secs ago,0x914f02fff8d6e4399ec337e105b93a670be25110,0x96eade4c5ca5251caa7801ed38fada4807f63cbe,0 BNB,0.00023898
0xe9ef432ec05b94635240cff260b964c8b1e4a57f892e61587e9006f213770521,Transfer,22392641,12 secs ago,0xe1b90e054e0c3a9ad7ac1a682e04be98e5653877,0x3b5bbe51e85c83a5e11fe62363c25ac5bb970451,0.00076544 BNB,0.000105
0x376a5ad9144a855b894821c975edf5147686b949f255d67ad351449fc2f4bc6f,0xae8bbe1d,22392641,12 secs ago,0xf7a4679c9e7881169d9ef265eaeeb22f225e00df,0x00a6e93e3ce5300e41e8ed25ebd69c328fd45e5a,0 BNB,0.00067597
0xa16fe27b05312ec73f14d82635e22ad722bf3bf1aa53ffb1886f4939069e4c5d,Buy,22392641,12 secs ago,0xec8e1ee4d808f7a8071f5963d8dda857ec473de0,0x0cbdc32604cba40a69ad1bc2a3376c9263df81d9,0 BNB,0.00041483
0x032ce35d93eaab22895f3afee0d108a52474dce78b79333192402b5122c80f46,Reinvest,22392641,12 secs ago,0xd87f47772f7e6406f5263aa554253c19f8983460,0x14db45524ba5c7a8f232ab0eca1115dde896f2fc,0 BNB,0.00075439
0xdebf6725493b70dfa019ef70855c7166998c88fe656f98124416b0dd4b91dd6d,Deposit,22392641,12 secs ago,0x38aba77b4400eed770991c14942542406047bee0,0x6f107ce8a4b14adc4ef8922398d2d25b3f55ebd3,0 BNB,0.00336803
0x52dc9e0b2cc3d99666a9f946ad5ae724b64a56311cd7cf48e7561cd21c1b7176,Transfer,22392641,12 secs ago,0x6e63b0a554d6baab5c6215dc9457ae0b98d66eaf,BUSD-T Stablecoin,0 BNB,0.00018057
0x55454066782ebef2e4424eff5aaf272602d711e4697943b7aac24c21e8311eaf,Add Liquidity ET...,22392641,12 secs ago,0x4da688a3177f47c73a103e8b59134a176bce3df0,PancakeSwap: Router v2,0.883701047205599 BNB,0.00103764
0x17e8fe8f0b36cc61cebbb269e8f26d963c3cff97b119e168046c5bb6d5e11e3d,Transfer,22392641,12 secs ago,0xbfd1889f067e32f317e45ac92d8f61f4cb41f372,Binance: BUSD Stablecoin,0 BNB,0.00018063
0xa947ec294a88f451901734a82fab076a2eb71527c404ab5252349b1754b2bde8,Transfer,22392641,12 secs ago,0xa02420a4a8d01b6968b9a1f6431c94db2dc7b070,0x3b5bbe51e85c83a5e11fe62363c25ac5bb970451,0.00076544 BNB,0.000105
0x00b80573437e98a831cf0d4d5c1f5d08ce83e0a54a7c0a32ad91e897322fa1b8,Transfer,22392641,12 secs ago,0x77e0c7b475b7700d4ada5afe32bb05ed91b830ea,0x8775be7f0fe076adfcb747d2d35be10202f8fc17,0.02567749 BNB,0.000105
0xe8f7e10fe43c3706a73d2e192d5ce1b1efa39c3e694694a405da6c009552464f,Transfer,22392641,12 secs ago,0x3ffca71e27caed7c42c6dcdc9cab8e4be53a57fd,0x4556cae65f9cd88613338e72389f591bcc7a1c55,0.000210565 BNB,0.000105
0xad2292d93421c71fea60817dd18d27b7afc67e10043d15da5608fdc4569a51e2,Transfer,22392641,12 secs ago,0x23e01d48dc07d70cfdbe06d25f15eacbd0671154,0x3b5bbe51e85c83a5e11fe62363c25ac5bb970451,0.00076544 BNB,0.000105
0x546bf3208a9a9314f3eef9b274d8af49b739ba5a317cef9f6adb7576d5b8cd39,Transfer,22392641,12 secs ago,0x2be6801a1d1d207fcae0358cc34b19d80be9a796,0x3b5bbe51e85c83a5e11fe62363c25ac5bb970451,0.00076544 BNB,0.000105
0x1292821a7549a20e8a90763948d35440525d23cd9244b0e3e86610fc6d931ebe,Transfer,22392641,12 secs ago,0x6c5d69fd16b0ace7b097bd7aa13ac70a4b69251c,0x3b5bbe51e85c83a5e11fe62363c25ac5bb970451,0.00076544 BNB,0.000105
0x7b8c9bd4b61eeae1eeeac9e8569718f0be429f10db0edc640e644f54847e082a,Level Up,22392641,12 secs ago,0xccca60291dc01d1366f29adbf252df41cb9f9550,0x3d24c45565834377b59fceaa6864d6c25144ad6c,0 BNB,0.00015892
0x37e7633b3c510307970d87b08f5bdb587a5888b3e93e0ed36df5d6ac6e98c9e2,Transfer,22392641,12 secs ago,0x1fa014798e15e57977eb503822bd9d5af7569445,0x71592c97d63673967ea8cda942b07e303b016185,0.000210565 BNB,0.000105
0x8535b71bb42e92b185d26ef46f5e2c6e2a3fc1f976ef04ffa68fccad2bb1594b,Transfer,22392641,12 secs ago,0x1350a62e07b463906550af1a6ddbe48b162b607e,0x3b5bbe51e85c83a5e11fe62363c25ac5bb970451,0.00076544 BNB,0.000105
0x5f74b55f1d5d394cadc1b9ecf82a27f4ed52aa9bbfefdbe3d6159735a5d5828e,Withdraw,22392641,12 secs ago,0x3342f63f5b09226fb814174e308dfce8a6bf572f,0x0e4643a9c89efaf64f6a76dce2bd4dc41e00ac90,0 BNB,0.00054322
0xb489616119946aa5fd6c4f30063b7139e281bd07693bfc6d07f9b322ece20276,Withdraw Profit,22392641,12 secs ago,0x81d561d18fedcf711faf58a48bf4359bb80e143b,0x7e4d17cf2e310320c6a8edeefa13bf5fd6138055,0 BNB,0.00055839
0xbd843565577a188a560e2116272de22a8d5d372af40325013abfbc3c9ab427fa,Fight,22392641,12 secs ago,0x8a895608b068bed4f8adda0ff031ae43e85a5ee8,0xce34a87173130ef691ff81fef1a6e8b8a9daca6f,0 BNB,0.00075594
0x8c64ecd816dda97f5238bda7ad064f7b3578064fe8be1024e486b53090bcc76b,Transfer,22392641,12 secs ago,0xa591ed0607868ed5476d842b8504db7c73087151,0x3b5bbe51e85c83a5e11fe62363c25ac5bb970451,0.00076544 BNB,0.000105
0x919debce46b3ce0559af3a3ce8713f033796f3e6856c91c8567d6418c10d0973,Swap Exact Token...,22392641,12 secs ago,0x17a615b7619768d8d0771809185cf89d628d9d67,PancakeSwap: Router v2,0 BNB,0.00389618
0x6adeb9946443a28e76de9dae1bd582466d38bd2ac310d6b242b548895c84b78c,Deposit,22392641,12 secs ago,0x61dd481a114a2e761c554b641742c973867899d3,BSC: Validator Set,0.059817366069618 BNB,0
0x7561ee81272149c3a89bd974ede98c8f927a6f81e0522a58e0f178d5c9d4d992,Transfer,22392641,12 secs ago,0x4ad956c7683038ea7d9dd8b9df70a85785752fd4,Binance: BUSD Stablecoin,0 BNB,0.00018057

0x641d878ecbb3c7be634facd75912366a1448bb3d45fa6b40acfdf7c8a732f5df,Transfer,22392641,12 secs ago,0x632f2e702d80ddc0f7fe7097b9405093054a79ae,0x3b5bbe51e85c83a5e11fe62363c25ac5bb970451,0.00048022 BNB,0.000105
0x40493e871f4734dc1bcc45ba761c436e8c9e506feb3cea30ea0850293aa46e70,Roll,22392641,12 secs ago,0xbd170416b6edf4f5c1a5c94e52cf434cdc1514ce,0xffe811714ab35360b67ee195ace7c10d93f89d8c,0 BNB,0.00145183

0xe71d656b49a3f945211ab420485ef7def9595eac78c7a88d5df457cbc66a1913,Swap Exact Token...,22392641,12 secs ago,0x6cf623c25be342e10efe86e327e5b626036fd98c,PancakeSwap: Router v2,0 BNB,0.00054138
0xeba969588e4a158201f4296b85c1eb222b030168bfe2020fec4801c8084b3599,Transfer,22392641,12 secs ago,0x606756f34c42341ff3e101dc5a3903806836ebbd,0x0cc9294434f996d9d57b51752163cf58f58ee42b,0.00111162 BNB,0.000105
0xcb47a4a987d522912a0302e3fcdabc7075535a6cbca73187dad22e18f4f92909,Checkin,22392641,12 secs ago,0x8d19e0597bb0ee331b901917886cda74d30f747c,0x96eade4c5ca5251caa7801ed38fada4807f63cbe,0 BNB,0.00023898
0x2178233ab29509ac742e908857eb2108bc31f71d4c711d86c3a9e6ada6667832,Mint,22392641,12 secs ago,0xccca60291dc01d1366f29adbf252df41cb9f9550,0x3d24c45565834377b59fceaa6864d6c25144ad6c,0 BNB,0.00047606
0x0ff2ea5868b4881c49a6ec21907b6497a882e17543923db59277818699aca015,Transfer,22392641,12 secs ago,0xf97aa36dbc7f73aadacf389721269f92db63ede1,0x3e6c82c1478910640ced0ec5e7c12b4247b5b5fc,0.0005 BNB,0.000105
0x856df97302644ddabd0998c2047f99876b79144e23a40d7ce48019106f3cc7c6,Transfer,22392641,12 secs ago,0xe970954f1fa148a761282ba1cbacb566b2a3802c,0x3b5bbe51e85c83a5e11fe62363c25ac5bb970451,0.00062283 BNB,0.000105
0xed513bd80ca7b4172d9d370c9c895c3453e9dcb99ca1140b29c2e0e7522c3c73,Transfer,22392641,12 secs ago,0x90e24856b8c57669101864d2424c4060ada2b97e,0x62fc8032683194fa803732d1ca2d78eb73766ebf,0.000210565 BNB,0.000105
0xc5e2bf5144d4fc19adeb248f261521026c74db940c3b4058486392092f1b0c78,Adventure,22392641,12 secs ago,0x918f1e2a6055703fa7aedb1b5bba1b34648326d3,0x3d24c45565834377b59fceaa6864d6c25144ad6c,0 BNB,0.00014267
0x42bf6d5f905e962f2c398fcb1939b919bab3fc058eceaacd8b483b7efb1e8809,Withdraw,22392641,12 secs ago,0x3da7ab2ffa93f9b3dc50850a95a848fa151ef153,0x6c38d6cf765a93a264fd33b8a7c0e3643311135f,0 BNB,0.00013284

0x8ff7491b3745ce42b645947a96e0398068388fec7163589d1c86985d0721d6db,Swap Exact Token...,22392641,12 secs ago,0x243f3f377a892e5bc8f2525d735bf08c523bc358,PancakeSwap: Router v2,0 BNB,0.00065485

0xe58c0dd10ce6f2f1b87670a19ccf2454e45a034c3be7fedb1b38513b61f26c2a,Multicall,22392641,12 secs ago,0x738d47b7b6d5dba75fd479fa492dfb4adc9a21e1,0xb61c5bddc27371ca290f9a30cff3d2ff7dd64393,0 BNB,0.0003546
0x2c34f520ef45f88410ce0fbec9e70840ae4317355fd08998ab0cfc73671c1644,Swap,22392641,12 secs ago,0xfc77dbb4cb5f3943fa695542a45f28b657513b7e,Metamask: Swap Router,0 BNB,0.00323143
0x9ae47c4ee00b04e86edbfc3c301bdfec15fdf9d4742735a09060c0f0341cd15d,Transfer,22392641,12 secs ago,0xa65978975049d210c90ab805033854f22e891107,0x1498c2bc2c54838c71f86a29b21b3de035a5a36a,0.000210565 BNB,0.000105
0xb6b928b8abb37809753804293fbbb31d6cce05e2037c55ff9bec5a95a5a09909,Transfer,22392641,12 secs ago,0x4d5b10f862f6936b9dacb7d3c637c9eea9b4e52c,ArenaPlay: APC Token,0 BNB,0.00036281
0xec154cb48506a0ab32ab26573b7aebfec1859382556ec0442884e35e7915b888,Swap,22392641,12 secs ago,0x62cd4b63efcf337c729f27ec3ccbce20a3bcf04f,OpenOcean: Exchange V2,0 BNB,0.00410227
0x4b04195724a1b91acc2409a818bec47f36da4deb01c42a3996421bc9aba341e6,Issue Max Synths,22392641,12 secs ago,0x66f1d2f1f94d665cc506821dc05cbc29ee5b6805,Horizon Protocol: HZN Token,0 BNB,0.00190008
0xe6b1cbe28a17e44172304ece3ef1208aafa844731d5fe20b96157c91203d0e17,Approve,22392641,12 secs ago,0xa460f1a8c93552b6a4b78a2f2836fac226d94c70,0xc9882def23bc42d53895b8361d0b1edc7570bc6a,0 BNB,0.00022086
0x053aca7f6542affbad7c082dbb67c9fab99fc455dd9eb036fa6c522923c9984d,Transfer,22392641,12 secs ago,0xa33830c389288d5a09e637c93b32b118ca992e33,0xc043d538d86915963ade0995cac9ec1c53229681,7.164895 BNB,0.000105
0x6bd3dbeff6599d79ffb62c687a9376e7290d603c9c164ec363eb8d4b9bf5db46,Transfer,22392641,12 secs ago,0xbfa60b23ad5c299eaa751ce12ffd5eb6fe1c0740,0x3b5bbe51e85c83a5e11fe62363c25ac5bb970451,0.00033761 BNB,0.000105
0xc6d3261eb823981b716ea3628a8580064398fa1557d489f8cdb2f634cc6628d4,Checkin,22392641,12 secs ago,0x914f02fff8d6e4399ec337e105b93a670be25110,0x96eade4c5ca5251caa7801ed38fada4807f63cbe,0 BNB,0.00023898
0xe9ef432ec05b94635240cff260b964c8b1e4a57f892e61587e9006f213770521,Transfer,22392641,12 secs ago,0xe1b90e054e0c3a9ad7ac1a682e04be98e5653877,0x3b5bbe51e85c83a5e11fe62363c25ac5bb970451,0.00076544 BNB,0.000105
0x376a5ad9144a855b894821c975edf5147686b949f255d67ad351449fc2f4bc6f,0xae8bbe1d,22392641,12 secs ago,0xf7a4679c9e7881169d9ef265eaeeb22f225e00df,0x00a6e93e3ce5300e41e8ed25ebd69c328fd45e5a,0 BNB,0.00067597
0xa16fe27b05312ec73f14d82635e22ad722bf3bf1aa53ffb1886f4939069e4c5d,Buy,22392641,12 secs ago,0xec8e1ee4d808f7a8071f5963d8dda857ec473de0,0x0cbdc32604cba40a69ad1bc2a3376c9263df81d9,0 BNB,0.00041483
0x032ce35d93eaab22895f3afee0d108a52474dce78b79333192402b5122c80f46,Reinvest,22392641,12 secs ago,0xd87f47772f7e6406f5263aa554253c19f8983460,0x14db45524ba5c7a8f232ab0eca1115dde896f2fc,0 BNB,0.00075439
0xdebf6725493b70dfa019ef70855c7166998c88fe656f98124416b0dd4b91dd6d,Deposit,22392641,12 secs ago,0x38aba77b4400eed770991c14942542406047bee0,0x6f107ce8a4b14adc4ef8922398d2d25b3f55ebd3,0 BNB,0.00336803
0x52dc9e0b2cc3d99666a9f946ad5ae724b64a56311cd7cf48e7561cd21c1b7176,Transfer,22392641,12 secs ago,0x6e63b0a554d6baab5c6215dc9457ae0b98d66eaf,BUSD-T Stablecoin,0 BNB,0.00018057
0x55454066782ebef2e4424eff5aaf272602d711e4697943b7aac24c21e8311eaf,Add Liquidity ET...,22392641,12 secs ago,0x4da688a3177f47c73a103e8b59134a176bce3df0,PancakeSwap: Router v2,0.883701047205599 BNB,0.00103764
0x17e8fe8f0b36cc61cebbb269e8f26d963c3cff97b119e168046c5bb6d5e11e3d,Transfer,22392641,12 secs ago,0xbfd1889f067e32f317e45ac92d8f61f4cb41f372,Binance: BUSD Stablecoin,0 BNB,0.00018063
0xa947ec294a88f451901734a82fab076a2eb71527c404ab5252349b1754b2bde8,Transfer,22392641,12 secs ago,0xa02420a4a8d01b6968b9a1f6431c94db2dc7b070,0x3b5bbe51e85c83a5e11fe62363c25ac5bb970451,0.00076544 BNB,0.000105
0x00b80573437e98a831cf0d4d5c1f5d08ce83e0a54a7c0a32ad91e897322fa1b8,Transfer,22392641,12 secs ago,0x77e0c7b475b7700d4ada5afe32bb05ed91b830ea,0x8775be7f0fe076adfcb747d2d35be10202f8fc17,0.02567749 BNB,0.000105
0xe8f7e10fe43c3706a73d2e192d5ce1b1efa39c3e694694a405da6c009552464f,Transfer,22392641,12 secs ago,0x3ffca71e27caed7c42c6dcdc9cab8e4be53a57fd,0x4556cae65f9cd88613338e72389f591bcc7a1c55,0.000210565 BNB,0.000105
0xad2292d93421c71fea60817dd18d27b7afc67e10043d15da5608fdc4569a51e2,Transfer,22392641,12 secs ago,0x23e01d48dc07d70cfdbe06d25f15eacbd0671154,0x3b5bbe51e85c83a5e11fe62363c25ac5bb970451,0.00076544 BNB,0.000105
0x546bf3208a9a9314f3eef9b274d8af49b739ba5a317cef9f6adb7576d5b8cd39,Transfer,22392641,12 secs ago,0x2be6801a1d1d207fcae0358cc34b19d80be9a796,0x3b5bbe51e85c83a5e11fe62363c25ac5bb970451,0.00076544 BNB,0.000105
0x1292821a7549a20e8a90763948d35440525d23cd9244b0e3e86610fc6d931ebe,Transfer,22392641,12 secs ago,0x6c5d69fd16b0ace7b097bd7aa13ac70a4b69251c,0x3b5bbe51e85c83a5e11fe62363c25ac5bb970451,0.00076544 BNB,0.000105
0x7b8c9bd4b61eeae1eeeac9e8569718f0be429f10db0edc640e644f54847e082a,Level Up,22392641,12 secs ago,0xccca60291dc01d1366f29adbf252df41cb9f9550,0x3d24c45565834377b59fceaa6864d6c25144ad6c,0 BNB,0.00015892
0x37e7633b3c510307970d87b08f5bdb587a5888b3e93e0ed36df5d6ac6e98c9e2,Transfer,22392641,12 secs ago,0x1fa014798e15e57977eb503822bd9d5af7569445,0x71592c97d63673967ea8cda942b07e303b016185,0.000210565 BNB,0.000105
0x8535b71bb42e92b185d26ef46f5e2c6e2a3fc1f976ef04ffa68fccad2bb1594b,Transfer,22392641,12 secs ago,0x1350a62e07b463906550af1a6ddbe48b162b607e,0x3b5bbe51e85c83a5e11fe62363c25ac5bb970451,0.00076544 BNB,0.000105
0x5f74b55f1d5d394cadc1b9ecf82a27f4ed52aa9bbfefdbe3d6159735a5d5828e,Withdraw,22392641,12 secs ago,0x3342f63f5b09226fb814174e308dfce8a6bf572f,0x0e4643a9c89efaf64f6a76dce2bd4dc41e00ac90,0 BNB,0.00054322
0xb489616119946aa5fd6c4f30063b7139e281bd07693bfc6d07f9b322ece20276,Withdraw Profit,22392641,12 secs ago,0x81d561d18fedcf711faf58a48bf4359bb80e143b,0x7e4d17cf2e310320c6a8edeefa13bf5fd6138055,0 BNB,0.00055839
0xbd843565577a188a560e2116272de22a8d5d372af40325013abfbc3c9ab427fa,Fight,22392641,12 secs ago,0x8a895608b068bed4f8adda0ff031ae43e85a5ee8,0xce34a87173130ef691ff81fef1a6e8b8a9daca6f,0 BNB,0.00075594
0x8c64ecd816dda97f5238bda7ad064f7b3578064fe8be1024e486b53090bcc76b,Transfer,22392641,12 secs ago,0xa591ed0607868ed5476d842b8504db7c73087151,0x3b5bbe51e85c83a5e11fe62363c25ac5bb970451,0.00076544 BNB,0.000105
0x919debce46b3ce0559af3a3ce8713f033796f3e6856c91c8567d6418c10d0973,Swap Exact Token...,22392641,12 secs ago,0x17a615b7619768d8d0771809185cf89d628d9d67,PancakeSwap: Router v2,0 BNB,0.00389618
0x6adeb9946443a28e76de9dae1bd582466d38bd2ac310d6b242b548895c84b78c,Deposit,22392641,12 secs ago,0x61dd481a114a2e761c554b641742c973867899d3,BSC: Validator Set,0.059817366069618 BNB,0
0x7561ee81272149c3a89bd974ede98c8f927a6f81e0522a58e0f178d5c9d4d992,Transfer,22392641,12 secs ago,0x4ad956c7683038ea7d9dd8b9df70a85785752fd4,Binance: BUSD Stablecoin,0 BNB,0.00018057

0x641d878ecbb3c7be634facd75912366a1448bb3d45fa6b40acfdf7c8a732f5df,Transfer,22392641,12 secs ago,0x632f2e702d80ddc0f7fe7097b9405093054a79ae,0x3b5bbe51e85c83a5e11fe62363c25ac5bb970451,0.00048022 BNB,0.000105
0x40493e871f4734dc1bcc45ba761c436e8c9e506feb3cea30ea0850293aa46e70,Roll,22392641,12 secs ago,0xbd170416b6edf4f5c1a5c94e52cf434cdc1514ce,0xffe811714ab35360b67ee195ace7c10d93f89d8c,0 BNB,0.00145183

0xe71d656b49a3f945211ab420485ef7def9595eac78c7a88d5df457cbc66a1913,Swap Exact Token...,22392641,12 secs ago,0x6cf623c25be342e10efe86e327e5b626036fd98c,PancakeSwap: Router v2,0 BNB,0.00054138
0xeba969588e4a158201f4296b85c1eb222b030168bfe2020fec4801c8084b3599,Transfer,22392641,12 secs ago,0x606756f34c42341ff3e101dc5a3903806836ebbd,0x0cc9294434f996d9d57b51752163cf58f58ee42b,0.00111162 BNB,0.000105
0xcb47a4a987d522912a0302e3fcdabc7075535a6cbca73187dad22e18f4f92909,Checkin,22392641,12 secs ago,0x8d19e0597bb0ee331b901917886cda74d30f747c,0x96eade4c5ca5251caa7801ed38fada4807f63cbe,0 BNB,0.00023898
0x2178233ab29509ac742e908857eb2108bc31f71d4c711d86c3a9e6ada6667832,Mint,22392641,12 secs ago,0xccca60291dc01d1366f29adbf252df41cb9f9550,0x3d24c45565834377b59fceaa6864d6c25144ad6c,0 BNB,0.00047606
0x0ff2ea5868b4881c49a6ec21907b6497a882e17543923db59277818699aca015,Transfer,22392641,12 secs ago,0xf97aa36dbc7f73aadacf389721269f92db63ede1,0x3e6c82c1478910640ced0ec5e7c12b4247b5b5fc,0.0005 BNB,0.000105
0x856df97302644ddabd0998c2047f99876b79144e23a40d7ce48019106f3cc7c6,Transfer,22392641,12 secs ago,0xe970954f1fa148a761282ba1cbacb566b2a3802c,0x3b5bbe51e85c83a5e11fe62363c25ac5bb970451,0.00062283 BNB,0.000105
0xed513bd80ca7b4172d9d370c9c895c3453e9dcb99ca1140b29c2e0e7522c3c73,Transfer,22392641,12 secs ago,0x90e24856b8c57669101864d2424c4060ada2b97e,0x62fc8032683194fa803732d1ca2d78eb73766ebf,0.000210565 BNB,0.000105
0xc5e2bf5144d4fc19adeb248f261521026c74db940c3b4058486392092f1b0c78,Adventure,22392641,12 secs ago,0x918f1e2a6055703fa7aedb1b5bba1b34648326d3,0x3d24c45565834377b59fceaa6864d6c25144ad6c,0 BNB,0.00014267
0x42bf6d5f905e962f2c398fcb1939b919bab3fc058eceaacd8b483b7efb1e8809,Withdraw,22392641,12 secs ago,0x3da7ab2ffa93f9b3dc50850a95a848fa151ef153,0x6c38d6cf765a93a264fd33b8a7c0e3643311135f,0 BNB,0.00013284

0x8ff7491b3745ce42b645947a96e0398068388fec7163589d1c86985d0721d6db,Swap Exact Token...,22392641,12 secs ago,0x243f3f377a892e5bc8f2525d735bf08c523bc358,PancakeSwap: Router v2,0 BNB,0.00065485

0xe58c0dd10ce6f2f1b87670a19ccf2454e45a034c3be7fedb1b38513b61f26c2a,Multicall,22392641,12 secs ago,0x738d47b7b6d5dba75fd479fa492dfb4adc9a21e1,0xb61c5bddc27371ca290f9a30cff3d2ff7dd64393,0 BNB,0.0003546
0x2c34f520ef45f88410ce0fbec9e70840ae4317355fd08998ab0cfc73671c1644,Swap,22392641,12 secs ago,0xfc77dbb4cb5f3943fa695542a45f28b657513b7e,Metamask: Swap Router,0 BNB,0.00323143
0x9ae47c4ee00b04e86edbfc3c301bdfec15fdf9d4742735a09060c0f0341cd15d,Transfer,22392641,12 secs ago,0xa65978975049d210c90ab805033854f22e891107,0x1498c2bc2c54838c71f86a29b21b3de035a5a36a,0.000210565 BNB,0.000105
0xb6b928b8abb37809753804293fbbb31d6cce05e2037c55ff9bec5a95a5a09909,Transfer,22392641,12 secs ago,0x4d5b10f862f6936b9dacb7d3c637c9eea9b4e52c,ArenaPlay: APC Token,0 BNB,0.00036281
0xec154cb48506a0ab32ab26573b7aebfec1859382556ec0442884e35e7915b888,Swap,22392641,12 secs ago,0x62cd4b63efcf337c729f27ec3ccbce20a3bcf04f,OpenOcean: Exchange V2,0 BNB,0.00410227
0x4b04195724a1b91acc2409a818bec47f36da4deb01c42a3996421bc9aba341e6,Issue Max Synths,22392641,12 secs ago,0x66f1d2f1f94d665cc506821dc05cbc29ee5b6805,Horizon Protocol: HZN Token,0 BNB,0.00190008
0xe6b1cbe28a17e44172304ece3ef1208aafa844731d5fe20b96157c91203d0e17,Approve,22392641,12 secs ago,0xa460f1a8c93552b6a4b78a2f2836fac226d94c70,0xc9882def23bc42d53895b8361d0b1edc7570bc6a,0 BNB,0.00022086
0x053aca7f6542affbad7c082dbb67c9fab99fc455dd9eb036fa6c522923c9984d,Transfer,22392641,12 secs ago,0xa33830c389288d5a09e637c93b32b118ca992e33,0xc043d538d86915963ade0995cac9ec1c53229681,7.164895 BNB,0.000105
0x6bd3dbeff6599d79ffb62c687a9376e7290d603c9c164ec363eb8d4b9bf5db46,Transfer,22392641,12 secs ago,0xbfa60b23ad5c299eaa751ce12ffd5eb6fe1c0740,0x3b5bbe51e85c83a5e11fe62363c25ac5bb970451,0.00033761 BNB,0.000105
0xc6d3261eb823981b716ea3628a8580064398fa1557d489f8cdb2f634cc6628d4,Checkin,22392641,12 secs ago,0x914f02fff8d6e4399ec337e105b93a670be25110,0x96eade4c5ca5251caa7801ed38fada4807f63cbe,0 BNB,0.00023898
0xe9ef432ec05b94635240cff260b964c8b1e4a57f892e61587e9006f213770521,Transfer,22392641,12 secs ago,0xe1b90e054e0c3a9ad7ac1a682e04be98e5653877,0x3b5bbe51e85c83a5e11fe62363c25ac5bb970451,0.00076544 BNB,0.000105
0x376a5ad9144a855b894821c975edf5147686b949f255d67ad351449fc2f4bc6f,0xae8bbe1d,22392641,12 secs ago,0xf7a4679c9e7881169d9ef265eaeeb22f225e00df,0x00a6e93e3ce5300e41e8ed25ebd69c328fd45e5a,0 BNB,0.00067597
0xa16fe27b05312ec73f14d82635e22ad722bf3bf1aa53ffb1886f4939069e4c5d,Buy,22392641,12 secs ago,0xec8e1ee4d808f7a8071f5963d8dda857ec473de0,0x0cbdc32604cba40a69ad1bc2a3376c9263df81d9,0 BNB,0.00041483
0x032ce35d93eaab22895f3afee0d108a52474dce78b79333192402b5122c80f46,Reinvest,22392641,12 secs ago,0xd87f47772f7e6406f5263aa554253c19f8983460,0x14db45524ba5c7a8f232ab0eca1115dde896f2fc,0 BNB,0.00075439
0xdebf6725493b70dfa019ef70855c7166998c88fe656f98124416b0dd4b91dd6d,Deposit,22392641,12 secs ago,0x38aba77b4400eed770991c14942542406047bee0,0x6f107ce8a4b14adc4ef8922398d2d25b3f55ebd3,0 BNB,0.00336803
0x52dc9e0b2cc3d99666a9f946ad5ae724b64a56311cd7cf48e7561cd21c1b7176,Transfer,22392641,12 secs ago,0x6e63b0a554d6baab5c6215dc9457ae0b98d66eaf,BUSD-T Stablecoin,0 BNB,0.00018057
0x55454066782ebef2e4424eff5aaf272602d711e4697943b7aac24c21e8311eaf,Add Liquidity ET...,22392641,12 secs ago,0x4da688a3177f47c73a103e8b59134a176bce3df0,PancakeSwap: Router v2,0.883701047205599 BNB,0.00103764
0x17e8fe8f0b36cc61cebbb269e8f26d963c3cff97b119e168046c5bb6d5e11e3d,Transfer,22392641,12 secs ago,0xbfd1889f067e32f317e45ac92d8f61f4cb41f372,Binance: BUSD Stablecoin,0 BNB,0.00018063
0xa947ec294a88f451901734a82fab076a2eb71527c404ab5252349b1754b2bde8,Transfer,22392641,12 secs ago,0xa02420a4a8d01b6968b9a1f6431c94db2dc7b070,0x3b5bbe51e85c83a5e11fe62363c25ac5bb970451,0.00076544 BNB,0.000105
0x00b80573437e98a831cf0d4d5c1f5d08ce83e0a54a7c0a32ad91e897322fa1b8,Transfer,22392641,12 secs ago,0x77e0c7b475b7700d4ada5afe32bb05ed91b830ea,0x8775be7f0fe076adfcb747d2d35be10202f8fc17,0.02567749 BNB,0.000105
0xe8f7e10fe43c3706a73d2e192d5ce1b1efa39c3e694694a405da6c009552464f,Transfer,22392641,12 secs ago,0x3ffca71e27caed7c42c6dcdc9cab8e4be53a57fd,0x4556cae65f9cd88613338e72389f591bcc7a1c55,0.000210565 BNB,0.000105
0xad2292d93421c71fea60817dd18d27b7afc67e10043d15da5608fdc4569a51e2,Transfer,22392641,12 secs ago,0x23e01d48dc07d70cfdbe06d25f15eacbd0671154,0x3b5bbe51e85c83a5e11fe62363c25ac5bb970451,0.00076544 BNB,0.000105
0x546bf3208a9a9314f3eef9b274d8af49b739ba5a317cef9f6adb7576d5b8cd39,Transfer,22392641,12 secs ago,0x2be6801a1d1d207fcae0358cc34b19d80be9a796,0x3b5bbe51e85c83a5e11fe62363c25ac5bb970451,0.00076544 BNB,0.000105
0x1292821a7549a20e8a90763948d35440525d23cd9244b0e3e86610fc6d931ebe,Transfer,22392641,12 secs ago,0x6c5d69fd16b0ace7b097bd7aa13ac70a4b69251c,0x3b5bbe51e85c83a5e11fe62363c25ac5bb970451,0.00076544 BNB,0.000105
0x7b8c9bd4b61eeae1eeeac9e8569718f0be429f10db0edc640e644f54847e082a,Level Up,22392641,12 secs ago,0xccca60291dc01d1366f29adbf252df41cb9f9550,0x3d24c45565834377b59fceaa6864d6c25144ad6c,0 BNB,0.00015892
0x37e7633b3c510307970d87b08f5bdb587a5888b3e93e0ed36df5d6ac6e98c9e2,Transfer,22392641,12 secs ago,0x1fa014798e15e57977eb503822bd9d5af7569445,0x71592c97d63673967ea8cda942b07e303b016185,0.000210565 BNB,0.000105
0x8535b71bb42e92b185d26ef46f5e2c6e2a3fc1f976ef04ffa68fccad2bb1594b,Transfer,22392641,12 secs ago,0x1350a62e07b463906550af1a6ddbe48b162b607e,0x3b5bbe51e85c83a5e11fe62363c25ac5bb970451,0.00076544 BNB,0.000105
0x5f74b55f1d5d394cadc1b9ecf82a27f4ed52aa9bbfefdbe3d6159735a5d5828e,Withdraw,22392641,12 secs ago,0x3342f63f5b09226fb814174e308dfce8a6bf572f,0x0e4643a9c89efaf64f6a76dce2bd4dc41e00ac90,0 BNB,0.00054322
0xb489616119946aa5fd6c4f30063b7139e281bd07693bfc6d07f9b322ece20276,Withdraw Profit,22392641,12 secs ago,0x81d561d18fedcf711faf58a48bf4359bb80e143b,0x7e4d17cf2e310320c6a8edeefa13bf5fd6138055,0 BNB,0.00055839
0xbd843565577a188a560e2116272de22a8d5d372af40325013abfbc3c9ab427fa,Fight,22392641,12 secs ago,0x8a895608b068bed4f8adda0ff031ae43e85a5ee8,0xce34a87173130ef691ff81fef1a6e8b8a9daca6f,0 BNB,0.00075594
0x8c64ecd816dda97f5238bda7ad064f7b3578064fe8be1024e486b53090bcc76b,Transfer,22392641,12 secs ago,0xa591ed0607868ed5476d842b8504db7c73087151,0x3b5bbe51e85c83a5e11fe62363c25ac5bb970451,0.00076544 BNB,0.000105
0x919debce46b3ce0559af3a3ce8713f033796f3e6856c91c8567d6418c10d0973,Swap Exact Token...,22392641,12 secs ago,0x17a615b7619768d8d0771809185cf89d628d9d67,PancakeSwap: Router v2,0 BNB,0.00389618
0x6adeb9946443a28e76de9dae1bd582466d38bd2ac310d6b242b548895c84b78c,Deposit,22392641,12 secs ago,0x61dd481a114a2e761c554b641742c973867899d3,BSC: Validator Set,0.059817366069618 BNB,0
0x7561ee81272149c3a89bd974ede98c8f927a6f81e0522a58e0f178d5c9d4d992,Transfer,22392641,12 secs ago,0x4ad956c7683038ea7d9dd8b9df70a85785752fd4,Binance: BUSD Stablecoin,0 BNB,0.00018057

0x641d878ecbb3c7be634facd75912366a1448bb3d45fa6b40acfdf7c8a732f5df,Transfer,22392641,12 secs ago,0x632f2e702d80ddc0f7fe7097b9405093054a79ae,0x3b5bbe51e85c83a5e11fe62363c25ac5bb970451,0.00048022 BNB,0.000105
0x40493e871f4734dc1bcc45ba761c436e8c9e506feb3cea30ea0850293aa46e70,Roll,22392641,12 secs ago,0xbd170416b6edf4f5c1a5c94e52cf434cdc1514ce,0xffe811714ab35360b67ee195ace7c10d93f89d8c,0 BNB,0.00145183

0xe71d656b49a3f945211ab420485ef7def9595eac78c7a88d5df457cbc66a1913,Swap Exact Token...,22392641,12 secs ago,0x6cf623c25be342e10efe86e327e5b626036fd98c,PancakeSwap: Router v2,0 BNB,0.00054138
0xeba969588e4a158201f4296b85c1eb222b030168bfe2020fec4801c8084b3599,Transfer,22392641,12 secs ago,0x606756f34c42341ff3e101dc5a3903806836ebbd,0x0cc9294434f996d9d57b51752163cf58f58ee42b,0.00111162 BNB,0.000105
0xcb47a4a987d522912a0302e3fcdabc7075535a6cbca73187dad22e18f4f92909,Checkin,22392641,12 secs ago,0x8d19e0597bb0ee331b901917886cda74d30f747c,0x96eade4c5ca5251caa7801ed38fada4807f63cbe,0 BNB,0.00023898
0x2178233ab29509ac742e908857eb2108bc31f71d4c711d86c3a9e6ada6667832,Mint,22392641,12 secs ago,0xccca60291dc01d1366f29adbf252df41cb9f9550,0x3d24c45565834377b59fceaa6864d6c25144ad6c,0 BNB,0.00047606
0x0ff2ea5868b4881c49a6ec21907b6497a882e17543923db59277818699aca015,Transfer,22392641,12 secs ago,0xf97aa36dbc7f73aadacf389721269f92db63ede1,0x3e6c82c1478910640ced0ec5e7c12b4247b5b5fc,0.0005 BNB,0.000105
0x856df97302644ddabd0998c2047f99876b79144e23a40d7ce48019106f3cc7c6,Transfer,22392641,12 secs ago,0xe970954f1fa148a761282ba1cbacb566b2a3802c,0x3b5bbe51e85c83a5e11fe62363c25ac5bb970451,0.00062283 BNB,0.000105
0xed513bd80ca7b4172d9d370c9c895c3453e9dcb99ca1140b29c2e0e7522c3c73,Transfer,22392641,12 secs ago,0x90e24856b8c57669101864d2424c4060ada2b97e,0x62fc8032683194fa803732d1ca2d78eb73766ebf,0.000210565 BNB,0.000105
0xc5e2bf5144d4fc19adeb248f261521026c74db940c3b4058486392092f1b0c78,Adventure,22392641,12 secs ago,0x918f1e2a6055703fa7aedb1b5bba1b34648326d3,0x3d24c45565834377b59fceaa6864d6c25144ad6c,0 BNB,0.00014267
0x42bf6d5f905e962f2c398fcb1939b919bab3fc058eceaacd8b483b7efb1e8809,Withdraw,22392641,12 secs ago,0x3da7ab2ffa93f9b3dc50850a95a848fa151ef153,0x6c38d6cf765a93a264fd33b8a7c0e3643311135f,0 BNB,0.00013284

0x8ff7491b3745ce42b645947a96e0398068388fec7163589d1c86985d0721d6db,Swap Exact Token...,22392641,12 secs ago,0x243f3f377a892e5bc8f2525d735bf08c523bc358,PancakeSwap: Router v2,0 BNB,0.00065485

0xe58c0dd10ce6f2f1b87670a19ccf2454e45a034c3be7fedb1b38513b61f26c2a,Multicall,22392641,12 secs ago,0x738d47b7b6d5dba75fd479fa492dfb4adc9a21e1,0xb61c5bddc27371ca290f9a30cff3d2ff7dd64393,0 BNB,0.0003546
0x2c34f520ef45f88410ce0fbec9e70840ae4317355fd08998ab0cfc73671c1644,Swap,22392641,12 secs ago,0xfc77dbb4cb5f3943fa695542a45f28b657513b7e,Metamask: Swap Router,0 BNB,0.00323143
0x9ae47c4ee00b04e86edbfc3c301bdfec15fdf9d4742735a09060c0f0341cd15d,Transfer,22392641,12 secs ago,0xa65978975049d210c90ab805033854f22e891107,0x1498c2bc2c54838c71f86a29b21b3de035a5a36a,0.000210565 BNB,0.000105
0xb6b928b8abb37809753804293fbbb31d6cce05e2037c55ff9bec5a95a5a09909,Transfer,22392641,12 secs ago,0x4d5b10f862f6936b9dacb7d3c637c9eea9b4e52c,ArenaPlay: APC Token,0 BNB,0.00036281
0xec154cb48506a0ab32ab26573b7aebfec1859382556ec0442884e35e7915b888,Swap,22392641,12 secs ago,0x62cd4b63efcf337c729f27ec3ccbce20a3bcf04f,OpenOcean: Exchange V2,0 BNB,0.00410227
0x4b04195724a1b91acc2409a818bec47f36da4deb01c42a3996421bc9aba341e6,Issue Max Synths,22392641,12 secs ago,0x66f1d2f1f94d665cc506821dc05cbc29ee5b6805,Horizon Protocol: HZN Token,0 BNB,0.00190008
0xe6b1cbe28a17e44172304ece3ef1208aafa844731d5fe20b96157c91203d0e17,Approve,22392641,12 secs ago,0xa460f1a8c93552b6a4b78a2f2836fac226d94c70,0xc9882def23bc42d53895b8361d0b1edc7570bc6a,0 BNB,0.00022086
0x053aca7f6542affbad7c082dbb67c9fab99fc455dd9eb036fa6c522923c9984d,Transfer,22392641,12 secs ago,0xa33830c389288d5a09e637c93b32b118ca992e33,0xc043d538d86915963ade0995cac9ec1c53229681,7.164895 BNB,0.000105
0x6bd3dbeff6599d79ffb62c687a9376e7290d603c9c164ec363eb8d4b9bf5db46,Transfer,22392641,12 secs ago,0xbfa60b23ad5c299eaa751ce12ffd5eb6fe1c0740,0x3b5bbe51e85c83a5e11fe62363c25ac5bb970451,0.00033761 BNB,0.000105
0xc6d3261eb823981b716ea3628a8580064398fa1557d489f8cdb2f634cc6628d4,Checkin,22392641,12 secs ago,0x914f02fff8d6e4399ec337e105b93a670be25110,0x96eade4c5ca5251caa7801ed38fada4807f63cbe,0 BNB,0.00023898
0xe9ef432ec05b94635240cff260b964c8b1e4a57f892e61587e9006f213770521,Transfer,22392641,12 secs ago,0xe1b90e054e0c3a9ad7ac1a682e04be98e5653877,0x3b5bbe51e85c83a5e11fe62363c25ac5bb970451,0.00076544 BNB,0.000105
0x376a5ad9144a855b894821c975edf5147686b949f255d67ad351449fc2f4bc6f,0xae8bbe1d,22392641,12 secs ago,0xf7a4679c9e7881169d9ef265eaeeb22f225e00df,0x00a6e93e3ce5300e41e8ed25ebd69c328fd45e5a,0 BNB,0.00067597
0xa16fe27b05312ec73f14d82635e22ad722bf3bf1aa53ffb1886f4939069e4c5d,Buy,22392641,12 secs ago,0xec8e1ee4d808f7a8071f5963d8dda857ec473de0,0x0cbdc32604cba40a69ad1bc2a3376c9263df81d9,0 BNB,0.00041483
0x032ce35d93eaab22895f3afee0d108a52474dce78b79333192402b5122c80f46,Reinvest,22392641,12 secs ago,0xd87f47772f7e6406f5263aa554253c19f8983460,0x14db45524ba5c7a8f232ab0eca1115dde896f2fc,0 BNB,0.00075439
0xdebf6725493b70dfa019ef70855c7166998c88fe656f98124416b0dd4b91dd6d,Deposit,22392641,12 secs ago,0x38aba77b4400eed770991c14942542406047bee0,0x6f107ce8a4b14adc4ef8922398d2d25b3f55ebd3,0 BNB,0.00336803
0x52dc9e0b2cc3d99666a9f946ad5ae724b64a56311cd7cf48e7561cd21c1b7176,Transfer,22392641,12 secs ago,0x6e63b0a554d6baab5c6215dc9457ae0b98d66eaf,BUSD-T Stablecoin,0 BNB,0.00018057
0x55454066782ebef2e4424eff5aaf272602d711e4697943b7aac24c21e8311eaf,Add Liquidity ET...,22392641,12 secs ago,0x4da688a3177f47c73a103e8b59134a176bce3df0,PancakeSwap: Router v2,0.883701047205599 BNB,0.00103764
0x17e8fe8f0b36cc61cebbb269e8f26d963c3cff97b119e168046c5bb6d5e11e3d,Transfer,22392641,12 secs ago,0xbfd1889f067e32f317e45ac92d8f61f4cb41f372,Binance: BUSD Stablecoin,0 BNB,0.00018063
0xa947ec294a88f451901734a82fab076a2eb71527c404ab5252349b1754b2bde8,Transfer,22392641,12 secs ago,0xa02420a4a8d01b6968b9a1f6431c94db2dc7b070,0x3b5bbe51e85c83a5e11fe62363c25ac5bb970451,0.00076544 BNB,0.000105
0x00b80573437e98a831cf0d4d5c1f5d08ce83e0a54a7c0a32ad91e897322fa1b8,Transfer,22392641,12 secs ago,0x77e0c7b475b7700d4ada5afe32bb05ed91b830ea,0x8775be7f0fe076adfcb747d2d35be10202f8fc17,0.02567749 BNB,0.000105
0xe8f7e10fe43c3706a73d2e192d5ce1b1efa39c3e694694a405da6c009552464f,Transfer,22392641,12 secs ago,0x3ffca71e27caed7c42c6dcdc9cab8e4be53a57fd,0x4556cae65f9cd88613338e72389f591bcc7a1c55,0.000210565 BNB,0.000105
0xad2292d93421c71fea60817dd18d27b7afc67e10043d15da5608fdc4569a51e2,Transfer,22392641,12 secs ago,0x23e01d48dc07d70cfdbe06d25f15eacbd0671154,0x3b5bbe51e85c83a5e11fe62363c25ac5bb970451,0.00076544 BNB,0.000105
0x546bf3208a9a9314f3eef9b274d8af49b739ba5a317cef9f6adb7576d5b8cd39,Transfer,22392641,12 secs ago,0x2be6801a1d1d207fcae0358cc34b19d80be9a796,0x3b5bbe51e85c83a5e11fe62363c25ac5bb970451,0.00076544 BNB,0.000105
0x1292821a7549a20e8a90763948d35440525d23cd9244b0e3e86610fc6d931ebe,Transfer,22392641,12 secs ago,0x6c5d69fd16b0ace7b097bd7aa13ac70a4b69251c,0x3b5bbe51e85c83a5e11fe62363c25ac5bb970451,0.00076544 BNB,0.000105
0x7b8c9bd4b61eeae1eeeac9e8569718f0be429f10db0edc640e644f54847e082a,Level Up,22392641,12 secs ago,0xccca60291dc01d1366f29adbf252df41cb9f9550,0x3d24c45565834377b59fceaa6864d6c25144ad6c,0 BNB,0.00015892
0x37e7633b3c510307970d87b08f5bdb587a5888b3e93e0ed36df5d6ac6e98c9e2,Transfer,22392641,12 secs ago,0x1fa014798e15e57977eb503822bd9d5af7569445,0x71592c97d63673967ea8cda942b07e303b016185,0.000210565 BNB,0.000105
0x8535b71bb42e92b185d26ef46f5e2c6e2a3fc1f976ef04ffa68fccad2bb1594b,Transfer,22392641,12 secs ago,0x1350a62e07b463906550af1a6ddbe48b162b607e,0x3b5bbe51e85c83a5e11fe62363c25ac5bb970451,0.00076544 BNB,0.000105
0x5f74b55f1d5d394cadc1b9ecf82a27f4ed52aa9bbfefdbe3d6159735a5d5828e,Withdraw,22392641,12 secs ago,0x3342f63f5b09226fb814174e308dfce8a6bf572f,0x0e4643a9c89efaf64f6a76dce2bd4dc41e00ac90,0 BNB,0.00054322
0xb489616119946aa5fd6c4f30063b7139e281bd07693bfc6d07f9b322ece20276,Withdraw Profit,22392641,12 secs ago,0x81d561d18fedcf711faf58a48bf4359bb80e143b,0x7e4d17cf2e310320c6a8edeefa13bf5fd6138055,0 BNB,0.00055839
0xbd843565577a188a560e2116272de22a8d5d372af40325013abfbc3c9ab427fa,Fight,22392641,12 secs ago,0x8a895608b068bed4f8adda0ff031ae43e85a5ee8,0xce34a87173130ef691ff81fef1a6e8b8a9daca6f,0 BNB,0.00075594
0x8c64ecd816dda97f5238bda7ad064f7b3578064fe8be1024e486b53090bcc76b,Transfer,22392641,12 secs ago,0xa591ed0607868ed5476d842b8504db7c73087151,0x3b5bbe51e85c83a5e11fe62363c25ac5bb970451,0.00076544 BNB,0.000105
0x919debce46b3ce0559af3a3ce8713f033796f3e6856c91c8567d6418c10d0973,Swap Exact Token...,22392641,12 secs ago,0x17a615b7619768d8d0771809185cf89d628d9d67,PancakeSwap: Router v2,0 BNB,0.00389618
0x6adeb9946443a28e76de9dae1bd582466d38bd2ac310d6b242b548895c84b78c,Deposit,22392641,12 secs ago,0x61dd481a114a2e761c554b641742c973867899d3,BSC: Validator Set,0.059817366069618 BNB,0
0x7561ee81272149c3a89bd974ede98c8f927a6f81e0522a58e0f178d5c9d4d992,Transfer,22392641,12 secs ago,0x4ad956c7683038ea7d9dd8b9df70a85785752fd4,Binance: BUSD Stablecoin,0 BNB,0.00018057

0x641d878ecbb3c7be634facd75912366a1448bb3d45fa6b40acfdf7c8a732f5df,Transfer,22392641,12 secs ago,0x632f2e702d80ddc0f7fe7097b9405093054a79ae,0x3b5bbe51e85c83a5e11fe62363c25ac5bb970451,0.00048022 BNB,0.000105
0x40493e871f4734dc1bcc45ba761c436e8c9e506feb3cea30ea0850293aa46e70,Roll,22392641,12 secs ago,0xbd170416b6edf4f5c1a5c94e52cf434cdc1514ce,0xffe811714ab35360b67ee195ace7c10d93f89d8c,0 BNB,0.00145183

0xe71d656b49a3f945211ab420485ef7def9595eac78c7a88d5df457cbc66a1913,Swap Exact Token...,22392641,12 secs ago,0x6cf623c25be342e10efe86e327e5b626036fd98c,PancakeSwap: Router v2,0 BNB,0.00054138
0xeba969588e4a158201f4296b85c1eb222b030168bfe2020fec4801c8084b3599,Transfer,22392641,12 secs ago,0x606756f34c42341ff3e101dc5a3903806836ebbd,0x0cc9294434f996d9d57b51752163cf58f58ee42b,0.00111162 BNB,0.000105
0xcb47a4a987d522912a0302e3fcdabc7075535a6cbca73187dad22e18f4f92909,Checkin,22392641,12 secs ago,0x8d19e0597bb0ee331b901917886cda74d30f747c,0x96eade4c5ca5251caa7801ed38fada4807f63cbe,0 BNB,0.00023898
0x2178233ab29509ac742e908857eb2108bc31f71d4c711d86c3a9e6ada6667832,Mint,22392641,12 secs ago,0xccca60291dc01d1366f29adbf252df41cb9f9550,0x3d24c45565834377b59fceaa6864d6c25144ad6c,0 BNB,0.00047606
0x0ff2ea5868b4881c49a6ec21907b6497a882e17543923db59277818699aca015,Transfer,22392641,12 secs ago,0xf97aa36dbc7f73aadacf389721269f92db63ede1,0x3e6c82c1478910640ced0ec5e7c12b4247b5b5fc,0.0005 BNB,0.000105
0x856df97302644ddabd0998c2047f99876b79144e23a40d7ce48019106f3cc7c6,Transfer,22392641,12 secs ago,0xe970954f1fa148a761282ba1cbacb566b2a3802c,0x3b5bbe51e85c83a5e11fe62363c25ac5bb970451,0.00062283 BNB,0.000105
0xed513bd80ca7b4172d9d370c9c895c3453e9dcb99ca1140b29c2e0e7522c3c73,Transfer,22392641,12 secs ago,0x90e24856b8c57669101864d2424c4060ada2b97e,0x62fc8032683194fa803732d1ca2d78eb73766ebf,0.000210565 BNB,0.000105
0xc5e2bf5144d4fc19adeb248f261521026c74db940c3b4058486392092f1b0c78,Adventure,22392641,12 secs ago,0x918f1e2a6055703fa7aedb1b5bba1b34648326d3,0x3d24c45565834377b59fceaa6864d6c25144ad6c,0 BNB,0.00014267
0x42bf6d5f905e962f2c398fcb1939b919bab3fc058eceaacd8b483b7efb1e8809,Withdraw,22392641,12 secs ago,0x3da7ab2ffa93f9b3dc50850a95a848fa151ef153,0x6c38d6cf765a93a264fd33b8a7c0e3643311135f,0 BNB,0.00013284

0x8ff7491b3745ce42b645947a96e0398068388fec7163589d1c86985d0721d6db,Swap Exact Token...,22392641,12 secs ago,0x243f3f377a892e5bc8f2525d735bf08c523bc358,PancakeSwap: Router v2,0 BNB,0.00065485

0xe58c0dd10ce6f2f1b87670a19ccf2454e45a034c3be7fedb1b38513b61f26c2a,Multicall,22392641,12 secs ago,0x738d47b7b6d5dba75fd479fa492dfb4adc9a21e1,0xb61c5bddc27371ca290f9a30cff3d2ff7dd64393,0 BNB,0.0003546
0x2c34f520ef45f88410ce0fbec9e70840ae4317355fd08998ab0cfc73671c1644,Swap,22392641,12 secs ago,0xfc77dbb4cb5f3943fa695542a45f28b657513b7e,Metamask: Swap Router,0 BNB,0.00323143
0x9ae47c4ee00b04e86edbfc3c301bdfec15fdf9d4742735a09060c0f0341cd15d,Transfer,22392641,12 secs ago,0xa65978975049d210c90ab805033854f22e891107,0x1498c2bc2c54838c71f86a29b21b3de035a5a36a,0.000210565 BNB,0.000105
0xb6b928b8abb37809753804293fbbb31d6cce05e2037c55ff9bec5a95a5a09909,Transfer,22392641,12 secs ago,0x4d5b10f862f6936b9dacb7d3c637c9eea9b4e52c,ArenaPlay: APC Token,0 BNB,0.00036281
0xec154cb48506a0ab32ab26573b7aebfec1859382556ec0442884e35e7915b888,Swap,22392641,12 secs ago,0x62cd4b63efcf337c729f27ec3ccbce20a3bcf04f,OpenOcean: Exchange V2,0 BNB,0.00410227
0x4b04195724a1b91acc2409a818bec47f36da4deb01c42a3996421bc9aba341e6,Issue Max Synths,22392641,12 secs ago,0x66f1d2f1f94d665cc506821dc05cbc29ee5b6805,Horizon Protocol: HZN Token,0 BNB,0.00190008
0xe6b1cbe28a17e44172304ece3ef1208aafa844731d5fe20b96157c91203d0e17,Approve,22392641,12 secs ago,0xa460f1a8c93552b6a4b78a2f2836fac226d94c70,0xc9882def23bc42d53895b8361d0b1edc7570bc6a,0 BNB,0.00022086
0x053aca7f6542affbad7c082dbb67c9fab99fc455dd9eb036fa6c522923c9984d,Transfer,22392641,12 secs ago,0xa33830c389288d5a09e637c93b32b118ca992e33,0xc043d538d86915963ade0995cac9ec1c53229681,7.164895 BNB,0.000105
0x6bd3dbeff6599d79ffb62c687a9376e7290d603c9c164ec363eb8d4b9bf5db46,Transfer,22392641,12 secs ago,0xbfa60b23ad5c299eaa751ce12ffd5eb6fe1c0740,0x3b5bbe51e85c83a5e11fe62363c25ac5bb970451,0.00033761 BNB,0.000105
0xc6d3261eb823981b716ea3628a8580064398fa1557d489f8cdb2f634cc6628d4,Checkin,22392641,12 secs ago,0x914f02fff8d6e4399ec337e105b93a670be25110,0x96eade4c5ca5251caa7801ed38fada4807f63cbe,0 BNB,0.00023898
0xe9ef432ec05b94635240cff260b964c8b1e4a57f892e61587e9006f213770521,Transfer,22392641,12 secs ago,0xe1b90e054e0c3a9ad7ac1a682e04be98e5653877,0x3b5bbe51e85c83a5e11fe62363c25ac5bb970451,0.00076544 BNB,0.000105
0x376a5ad9144a855b894821c975edf5147686b949f255d67ad351449fc2f4bc6f,0xae8bbe1d,22392641,12 secs ago,0xf7a4679c9e7881169d9ef265eaeeb22f225e00df,0x00a6e93e3ce5300e41e8ed25ebd69c328fd45e5a,0 BNB,0.00067597
0xa16fe27b05312ec73f14d82635e22ad722bf3bf1aa53ffb1886f4939069e4c5d,Buy,22392641,12 secs ago,0xec8e1ee4d808f7a8071f5963d8dda857ec473de0,0x0cbdc32604cba40a69ad1bc2a3376c9263df81d9,0 BNB,0.00041483
0x032ce35d93eaab22895f3afee0d108a52474dce78b79333192402b5122c80f46,Reinvest,22392641,12 secs ago,0xd87f47772f7e6406f5263aa554253c19f8983460,0x14db45524ba5c7a8f232ab0eca1115dde896f2fc,0 BNB,0.00075439
0xdebf6725493b70dfa019ef70855c7166998c88fe656f98124416b0dd4b91dd6d,Deposit,22392641,12 secs ago,0x38aba77b4400eed770991c14942542406047bee0,0x6f107ce8a4b14adc4ef8922398d2d25b3f55ebd3,0 BNB,0.00336803
0x52dc9e0b2cc3d99666a9f946ad5ae724b64a56311cd7cf48e7561cd21c1b7176,Transfer,22392641,12 secs ago,0x6e63b0a554d6baab5c6215dc9457ae0b98d66eaf,BUSD-T Stablecoin,0 BNB,0.00018057
0x55454066782ebef2e4424eff5aaf272602d711e4697943b7aac24c21e8311eaf,Add Liquidity ET...,22392641,12 secs ago,0x4da688a3177f47c73a103e8b59134a176bce3df0,PancakeSwap: Router v2,0.883701047205599 BNB,0.00103764
0x17e8fe8f0b36cc61cebbb269e8f26d963c3cff97b119e168046c5bb6d5e11e3d,Transfer,22392641,12 secs ago,0xbfd1889f067e32f317e45ac92d8f61f4cb41f372,Binance: BUSD Stablecoin,0 BNB,0.00018063
0xa947ec294a88f451901734a82fab076a2eb71527c404ab5252349b1754b2bde8,Transfer,22392641,12 secs ago,0xa02420a4a8d01b6968b9a1f6431c94db2dc7b070,0x3b5bbe51e85c83a5e11fe62363c25ac5bb970451,0.00076544 BNB,0.000105
0x00b80573437e98a831cf0d4d5c1f5d08ce83e0a54a7c0a32ad91e897322fa1b8,Transfer,22392641,12 secs ago,0x77e0c7b475b7700d4ada5afe32bb05ed91b830ea,0x8775be7f0fe076adfcb747d2d35be10202f8fc17,0.02567749 BNB,0.000105
0xe8f7e10fe43c3706a73d2e192d5ce1b1efa39c3e694694a405da6c009552464f,Transfer,22392641,12 secs ago,0x3ffca71e27caed7c42c6dcdc9cab8e4be53a57fd,0x4556cae65f9cd88613338e72389f591bcc7a1c55,0.000210565 BNB,0.000105
0xad2292d93421c71fea60817dd18d27b7afc67e10043d15da5608fdc4569a51e2,Transfer,22392641,12 secs ago,0x23e01d48dc07d70cfdbe06d25f15eacbd0671154,0x3b5bbe51e85c83a5e11fe62363c25ac5bb970451,0.00076544 BNB,0.000105
0x546bf3208a9a9314f3eef9b274d8af49b739ba5a317cef9f6adb7576d5b8cd39,Transfer,22392641,12 secs ago,0x2be6801a1d1d207fcae0358cc34b19d80be9a796,0x3b5bbe51e85c83a5e11fe62363c25ac5bb970451,0.00076544 BNB,0.000105
0x1292821a7549a20e8a90763948d35440525d23cd9244b0e3e86610fc6d931ebe,Transfer,22392641,12 secs ago,0x6c5d69fd16b0ace7b097bd7aa13ac70a4b69251c,0x3b5bbe51e85c83a5e11fe62363c25ac5bb970451,0.00076544 BNB,0.000105
0x7b8c9bd4b61eeae1eeeac9e8569718f0be429f10db0edc640e644f54847e082a,Level Up,22392641,12 secs ago,0xccca60291dc01d1366f29adbf252df41cb9f9550,0x3d24c45565834377b59fceaa6864d6c25144ad6c,0 BNB,0.00015892
0x37e7633b3c510307970d87b08f5bdb587a5888b3e93e0ed36df5d6ac6e98c9e2,Transfer,22392641,12 secs ago,0x1fa014798e15e57977eb503822bd9d5af7569445,0x71592c97d63673967ea8cda942b07e303b016185,0.000210565 BNB,0.000105
0x8535b71bb42e92b185d26ef46f5e2c6e2a3fc1f976ef04ffa68fccad2bb1594b,Transfer,22392641,12 secs ago,0x1350a62e07b463906550af1a6ddbe48b162b607e,0x3b5bbe51e85c83a5e11fe62363c25ac5bb970451,0.00076544 BNB,0.000105
0x5f74b55f1d5d394cadc1b9ecf82a27f4ed52aa9bbfefdbe3d6159735a5d5828e,Withdraw,22392641,12 secs ago,0x3342f63f5b09226fb814174e308dfce8a6bf572f,0x0e4643a9c89efaf64f6a76dce2bd4dc41e00ac90,0 BNB,0.00054322
0xb489616119946aa5fd6c4f30063b7139e281bd07693bfc6d07f9b322ece20276,Withdraw Profit,22392641,12 secs ago,0x81d561d18fedcf711faf58a48bf4359bb80e143b,0x7e4d17cf2e310320c6a8edeefa13bf5fd6138055,0 BNB,0.00055839
0xbd843565577a188a560e2116272de22a8d5d372af40325013abfbc3c9ab427fa,Fight,22392641,12 secs ago,0x8a895608b068bed4f8adda0ff031ae43e85a5ee8,0xce34a87173130ef691ff81fef1a6e8b8a9daca6f,0 BNB,0.00075594
0x8c64ecd816dda97f5238bda7ad064f7b3578064fe8be1024e486b53090bcc76b,Transfer,22392641,12 secs ago,0xa591ed0607868ed5476d842b8504db7c73087151,0x3b5bbe51e85c83a5e11fe62363c25ac5bb970451,0.00076544 BNB,0.000105
0x919debce46b3ce0559af3a3ce8713f033796f3e6856c91c8567d6418c10d0973,Swap Exact Token...,22392641,12 secs ago,0x17a615b7619768d8d0771809185cf89d628d9d67,PancakeSwap: Router v2,0 BNB,0.00389618
0x6adeb9946443a28e76de9dae1bd582466d38bd2ac310d6b242b548895c84b78c,Deposit,22392641,12 secs ago,0x61dd481a114a2e761c554b641742c973867899d3,BSC: Validator Set,0.059817366069618 BNB,0
0x7561ee81272149c3a89bd974ede98c8f927a6f81e0522a58e0f178d5c9d4d992,Transfer,22392641,12 secs ago,0x4ad956c7683038ea7d9dd8b9df70a85785752fd4,Binance: BUSD Stablecoin,0 BNB,0.00018057

0x641d878ecbb3c7be634facd75912366a1448bb3d45fa6b40acfdf7c8a732f5df,Transfer,22392641,12 secs ago,0x632f2e702d80ddc0f7fe7097b9405093054a79ae,0x3b5bbe51e85c83a5e11fe62363c25ac5bb970451,0.00048022 BNB,0.000105
0x40493e871f4734dc1bcc45ba761c436e8c9e506feb3cea30ea0850293aa46e70,Roll,22392641,12 secs ago,0xbd170416b6edf4f5c1a5c94e52cf434cdc1514ce,0xffe811714ab35360b67ee195ace7c10d93f89d8c,0 BNB,0.00145183

0xe71d656b49a3f945211ab420485ef7def9595eac78c7a88d5df457cbc66a1913,Swap Exact Token...,22392641,12 secs ago,0x6cf623c25be342e10efe86e327e5b626036fd98c,PancakeSwap: Router v2,0 BNB,0.00054138
0xeba969588e4a158201f4296b85c1eb222b030168bfe2020fec4801c8084b3599,Transfer,22392641,12 secs ago,0x606756f34c42341ff3e101dc5a3903806836ebbd,0x0cc9294434f996d9d57b51752163cf58f58ee42b,0.00111162 BNB,0.000105
0xcb47a4a987d522912a0302e3fcdabc7075535a6cbca73187dad22e18f4f92909,Checkin,22392641,12 secs ago,0x8d19e0597bb0ee331b901917886cda74d30f747c,0x96eade4c5ca5251caa7801ed38fada4807f63cbe,0 BNB,0.00023898
0x2178233ab29509ac742e908857eb2108bc31f71d4c711d86c3a9e6ada6667832,Mint,22392641,12 secs ago,0xccca60291dc01d1366f29adbf252df41cb9f9550,0x3d24c45565834377b59fceaa6864d6c25144ad6c,0 BNB,0.00047606
0x0ff2ea5868b4881c49a6ec21907b6497a882e17543923db59277818699aca015,Transfer,22392641,12 secs ago,0xf97aa36dbc7f73aadacf389721269f92db63ede1,0x3e6c82c1478910640ced0ec5e7c12b4247b5b5fc,0.0005 BNB,0.000105
0x856df97302644ddabd0998c2047f99876b79144e23a40d7ce48019106f3cc7c6,Transfer,22392641,12 secs ago,0xe970954f1fa148a761282ba1cbacb566b2a3802c,0x3b5bbe51e85c83a5e11fe62363c25ac5bb970451,0.00062283 BNB,0.000105
0xed513bd80ca7b4172d9d370c9c895c3453e9dcb99ca1140b29c2e0e7522c3c73,Transfer,22392641,12 secs ago,0x90e24856b8c57669101864d2424c4060ada2b97e,0x62fc8032683194fa803732d1ca2d78eb73766ebf,0.000210565 BNB,0.000105
0xc5e2bf5144d4fc19adeb248f261521026c74db940c3b4058486392092f1b0c78,Adventure,22392641,12 secs ago,0x918f1e2a6055703fa7aedb1b5bba1b34648326d3,0x3d24c45565834377b59fceaa6864d6c25144ad6c,0 BNB,0.00014267
0x42bf6d5f905e962f2c398fcb1939b919bab3fc058eceaacd8b483b7efb1e8809,Withdraw,22392641,12 secs ago,0x3da7ab2ffa93f9b3dc50850a95a848fa151ef153,0x6c38d6cf765a93a264fd33b8a7c0e3643311135f,0 BNB,0.00013284

0x8ff7491b3745ce42b645947a96e0398068388fec7163589d1c86985d0721d6db,Swap Exact Token...,22392641,12 secs ago,0x243f3f377a892e5bc8f2525d735bf08c523bc358,PancakeSwap: Router v2,0 BNB,0.00065485

0xe58c0dd10ce6f2f1b87670a19ccf2454e45a034c3be7fedb1b38513b61f26c2a,Multicall,22392641,12 secs ago,0x738d47b7b6d5dba75fd479fa492dfb4adc9a21e1,0xb61c5bddc27371ca290f9a30cff3d2ff7dd64393,0 BNB,0.0003546
0x2c34f520ef45f88410ce0fbec9e70840ae4317355fd08998ab0cfc73671c1644,Swap,22392641,12 secs ago,0xfc77dbb4cb5f3943fa695542a45f28b657513b7e,Metamask: Swap Router,0 BNB,0.00323143
0x9ae47c4ee00b04e86edbfc3c301bdfec15fdf9d4742735a09060c0f0341cd15d,Transfer,22392641,12 secs ago,0xa65978975049d210c90ab805033854f22e891107,0x1498c2bc2c54838c71f86a29b21b3de035a5a36a,0.000210565 BNB,0.000105
0xb6b928b8abb37809753804293fbbb31d6cce05e2037c55ff9bec5a95a5a09909,Transfer,22392641,12 secs ago,0x4d5b10f862f6936b9dacb7d3c637c9eea9b4e52c,ArenaPlay: APC Token,0 BNB,0.00036281
0xec154cb48506a0ab32ab26573b7aebfec1859382556ec0442884e35e7915b888,Swap,22392641,12 secs ago,0x62cd4b63efcf337c729f27ec3ccbce20a3bcf04f,OpenOcean: Exchange V2,0 BNB,0.00410227
0x4b04195724a1b91acc2409a818bec47f36da4deb01c42a3996421bc9aba341e6,Issue Max Synths,22392641,12 secs ago,0x66f1d2f1f94d665cc506821dc05cbc29ee5b6805,Horizon Protocol: HZN Token,0 BNB,0.00190008
0xe6b1cbe28a17e44172304ece3ef1208aafa844731d5fe20b96157c91203d0e17,Approve,22392641,12 secs ago,0xa460f1a8c93552b6a4b78a2f2836fac226d94c70,0xc9882def23bc42d53895b8361d0b1edc7570bc6a,0 BNB,0.00022086
0x053aca7f6542affbad7c082dbb67c9fab99fc455dd9eb036fa6c522923c9984d,Transfer,22392641,12 secs ago,0xa33830c389288d5a09e637c93b32b118ca992e33,0xc043d538d86915963ade0995cac9ec1c53229681,7.164895 BNB,0.000105
0x6bd3dbeff6599d79ffb62c687a9376e7290d603c9c164ec363eb8d4b9bf5db46,Transfer,22392641,12 secs ago,0xbfa60b23ad5c299eaa751ce12ffd5eb6fe1c0740,0x3b5bbe51e85c83a5e11fe62363c25ac5bb970451,0.00033761 BNB,0.000105
0xc6d3261eb823981b716ea3628a8580064398fa1557d489f8cdb2f634cc6628d4,Checkin,22392641,12 secs ago,0x914f02fff8d6e4399ec337e105b93a670be25110,0x96eade4c5ca5251caa7801ed38fada4807f63cbe,0 BNB,0.00023898
0xe9ef432ec05b94635240cff260b964c8b1e4a57f892e61587e9006f213770521,Transfer,22392641,12 secs ago,0xe1b90e054e0c3a9ad7ac1a682e04be98e5653877,0x3b5bbe51e85c83a5e11fe62363c25ac5bb970451,0.00076544 BNB,0.000105
0x376a5ad9144a855b894821c975edf5147686b949f255d67ad351449fc2f4bc6f,0xae8bbe1d,22392641,12 secs ago,0xf7a4679c9e7881169d9ef265eaeeb22f225e00df,0x00a6e93e3ce5300e41e8ed25ebd69c328fd45e5a,0 BNB,0.00067597
0xa16fe27b05312ec73f14d82635e22ad722bf3bf1aa53ffb1886f4939069e4c5d,Buy,22392641,12 secs ago,0xec8e1ee4d808f7a8071f5963d8dda857ec473de0,0x0cbdc32604cba40a69ad1bc2a3376c9263df81d9,0 BNB,0.00041483
0x032ce35d93eaab22895f3afee0d108a52474dce78b79333192402b5122c80f46,Reinvest,22392641,12 secs ago,0xd87f47772f7e6406f5263aa554253c19f8983460,0x14db45524ba5c7a8f232ab0eca1115dde896f2fc,0 BNB,0.00075439
0xdebf6725493b70dfa019ef70855c7166998c88fe656f98124416b0dd4b91dd6d,Deposit,22392641,12 secs ago,0x38aba77b4400eed770991c14942542406047bee0,0x6f107ce8a4b14adc4ef8922398d2d25b3f55ebd3,0 BNB,0.00336803
0x52dc9e0b2cc3d99666a9f946ad5ae724b64a56311cd7cf48e7561cd21c1b7176,Transfer,22392641,12 secs ago,0x6e63b0a554d6baab5c6215dc9457ae0b98d66eaf,BUSD-T Stablecoin,0 BNB,0.00018057
0x55454066782ebef2e4424eff5aaf272602d711e4697943b7aac24c21e8311eaf,Add Liquidity ET...,22392641,12 secs ago,0x4da688a3177f47c73a103e8b59134a176bce3df0,PancakeSwap: Router v2,0.883701047205599 BNB,0.00103764
0x17e8fe8f0b36cc61cebbb269e8f26d963c3cff97b119e168046c5bb6d5e11e3d,Transfer,22392641,12 secs ago,0xbfd1889f067e32f317e45ac92d8f61f4cb41f372,Binance: BUSD Stablecoin,0 BNB,0.00018063
0xa947ec294a88f451901734a82fab076a2eb71527c404ab5252349b1754b2bde8,Transfer,22392641,12 secs ago,0xa02420a4a8d01b6968b9a1f6431c94db2dc7b070,0x3b5bbe51e85c83a5e11fe62363c25ac5bb970451,0.00076544 BNB,0.000105
0x00b80573437e98a831cf0d4d5c1f5d08ce83e0a54a7c0a32ad91e897322fa1b8,Transfer,22392641,12 secs ago,0x77e0c7b475b7700d4ada5afe32bb05ed91b830ea,0x8775be7f0fe076adfcb747d2d35be10202f8fc17,0.02567749 BNB,0.000105
0xe8f7e10fe43c3706a73d2e192d5ce1b1efa39c3e694694a405da6c009552464f,Transfer,22392641,12 secs ago,0x3ffca71e27caed7c42c6dcdc9cab8e4be53a57fd,0x4556cae65f9cd88613338e72389f591bcc7a1c55,0.000210565 BNB,0.000105
0xad2292d93421c71fea60817dd18d27b7afc67e10043d15da5608fdc4569a51e2,Transfer,22392641,12 secs ago,0x23e01d48dc07d70cfdbe06d25f15eacbd0671154,0x3b5bbe51e85c83a5e11fe62363c25ac5bb970451,0.00076544 BNB,0.000105
0x546bf3208a9a9314f3eef9b274d8af49b739ba5a317cef9f6adb7576d5b8cd39,Transfer,22392641,12 secs ago,0x2be6801a1d1d207fcae0358cc34b19d80be9a796,0x3b5bbe51e85c83a5e11fe62363c25ac5bb970451,0.00076544 BNB,0.000105
0x1292821a7549a20e8a90763948d35440525d23cd9244b0e3e86610fc6d931ebe,Transfer,22392641,12 secs ago,0x6c5d69fd16b0ace7b097bd7aa13ac70a4b69251c,0x3b5bbe51e85c83a5e11fe62363c25ac5bb970451,0.00076544 BNB,0.000105
0x7b8c9bd4b61eeae1eeeac9e8569718f0be429f10db0edc640e644f54847e082a,Level Up,22392641,12 secs ago,0xccca60291dc01d1366f29adbf252df41cb9f9550,0x3d24c45565834377b59fceaa6864d6c25144ad6c,0 BNB,0.00015892
0x37e7633b3c510307970d87b08f5bdb587a5888b3e93e0ed36df5d6ac6e98c9e2,Transfer,22392641,12 secs ago,0x1fa014798e15e57977eb503822bd9d5af7569445,0x71592c97d63673967ea8cda942b07e303b016185,0.000210565 BNB,0.000105
0x8535b71bb42e92b185d26ef46f5e2c6e2a3fc1f976ef04ffa68fccad2bb1594b,Transfer,22392641,12 secs ago,0x1350a62e07b463906550af1a6ddbe48b162b607e,0x3b5bbe51e85c83a5e11fe62363c25ac5bb970451,0.00076544 BNB,0.000105
0x5f74b55f1d5d394cadc1b9ecf82a27f4ed52aa9bbfefdbe3d6159735a5d5828e,Withdraw,22392641,12 secs ago,0x3342f63f5b09226fb814174e308dfce8a6bf572f,0x0e4643a9c89efaf64f6a76dce2bd4dc41e00ac90,0 BNB,0.00054322
0xb489616119946aa5fd6c4f30063b7139e281bd07693bfc6d07f9b322ece20276,Withdraw Profit,22392641,12 secs ago,0x81d561d18fedcf711faf58a48bf4359bb80e143b,0x7e4d17cf2e310320c6a8edeefa13bf5fd6138055,0 BNB,0.00055839
0xbd843565577a188a560e2116272de22a8d5d372af40325013abfbc3c9ab427fa,Fight,22392641,12 secs ago,0x8a895608b068bed4f8adda0ff031ae43e85a5ee8,0xce34a87173130ef691ff81fef1a6e8b8a9daca6f,0 BNB,0.00075594
0x8c64ecd816dda97f5238bda7ad064f7b3578064fe8be1024e486b53090bcc76b,Transfer,22392641,12 secs ago,0xa591ed0607868ed5476d842b8504db7c73087151,0x3b5bbe51e85c83a5e11fe62363c25ac5bb970451,0.00076544 BNB,0.000105
0x919debce46b3ce0559af3a3ce8713f033796f3e6856c91c8567d6418c10d0973,Swap Exact Token...,22392641,12 secs ago,0x17a615b7619768d8d0771809185cf89d628d9d67,PancakeSwap: Router v2,0 BNB,0.00389618
0x6adeb9946443a28e76de9dae1bd582466d38bd2ac310d6b242b548895c84b78c,Deposit,22392641,12 secs ago,0x61dd481a114a2e761c554b641742c973867899d3,BSC: Validator Set,0.059817366069618 BNB,0
0x7561ee81272149c3a89bd974ede98c8f927a6f81e0522a58e0f178d5c9d4d992,Transfer,22392641,12 secs ago,0x4ad956c7683038ea7d9dd8b9df70a85785752fd4,Binance: BUSD Stablecoin,0 BNB,0.00018057

0x641d878ecbb3c7be634facd75912366a1448bb3d45fa6b40acfdf7c8a732f5df,Transfer,22392641,12 secs ago,0x632f2e702d80ddc0f7fe7097b9405093054a79ae,0x3b5bbe51e85c83a5e11fe62363c25ac5bb970451,0.00048022 BNB,0.000105
0x40493e871f4734dc1bcc45ba761c436e8c9e506feb3cea30ea0850293aa46e70,Roll,22392641,12 secs ago,0xbd170416b6edf4f5c1a5c94e52cf434cdc1514ce,0xffe811714ab35360b67ee195ace7c10d93f89d8c,0 BNB,0.00145183

0xe71d656b49a3f945211ab420485ef7def9595eac78c7a88d5df457cbc66a1913,Swap Exact Token...,22392641,12 secs ago,0x6cf623c25be342e10efe86e327e5b626036fd98c,PancakeSwap: Router v2,0 BNB,0.00054138
0xeba969588e4a158201f4296b85c1eb222b030168bfe2020fec4801c8084b3599,Transfer,22392641,12 secs ago,0x606756f34c42341ff3e101dc5a3903806836ebbd,0x0cc9294434f996d9d57b51752163cf58f58ee42b,0.00111162 BNB,0.000105
0xcb47a4a987d522912a0302e3fcdabc7075535a6cbca73187dad22e18f4f92909,Checkin,22392641,12 secs ago,0x8d19e0597bb0ee331b901917886cda74d30f747c,0x96eade4c5ca5251caa7801ed38fada4807f63cbe,0 BNB,0.00023898
0x2178233ab29509ac742e908857eb2108bc31f71d4c711d86c3a9e6ada6667832,Mint,22392641,12 secs ago,0xccca60291dc01d1366f29adbf252df41cb9f9550,0x3d24c45565834377b59fceaa6864d6c25144ad6c,0 BNB,0.00047606
0x0ff2ea5868b4881c49a6ec21907b6497a882e17543923db59277818699aca015,Transfer,22392641,12 secs ago,0xf97aa36dbc7f73aadacf389721269f92db63ede1,0x3e6c82c1478910640ced0ec5e7c12b4247b5b5fc,0.0005 BNB,0.000105
0x856df97302644ddabd0998c2047f99876b79144e23a40d7ce48019106f3cc7c6,Transfer,22392641,12 secs ago,0xe970954f1fa148a761282ba1cbacb566b2a3802c,0x3b5bbe51e85c83a5e11fe62363c25ac5bb970451,0.00062283 BNB,0.000105
0xed513bd80ca7b4172d9d370c9c895c3453e9dcb99ca1140b29c2e0e7522c3c73,Transfer,22392641,12 secs ago,0x90e24856b8c57669101864d2424c4060ada2b97e,0x62fc8032683194fa803732d1ca2d78eb73766ebf,0.000210565 BNB,0.000105
0xc5e2bf5144d4fc19adeb248f261521026c74db940c3b4058486392092f1b0c78,Adventure,22392641,12 secs ago,0x918f1e2a6055703fa7aedb1b5bba1b34648326d3,0x3d24c45565834377b59fceaa6864d6c25144ad6c,0 BNB,0.00014267
0x42bf6d5f905e962f2c398fcb1939b919bab3fc058eceaacd8b483b7efb1e8809,Withdraw,22392641,12 secs ago,0x3da7ab2ffa93f9b3dc50850a95a848fa151ef153,0x6c38d6cf765a93a264fd33b8a7c0e3643311135f,0 BNB,0.00013284

0x8ff7491b3745ce42b645947a96e0398068388fec7163589d1c86985d0721d6db,Swap Exact Token...,22392641,12 secs ago,0x243f3f377a892e5bc8f2525d735bf08c523bc358,PancakeSwap: Router v2,0 BNB,0.00065485

0xe58c0dd10ce6f2f1b87670a19ccf2454e45a034c3be7fedb1b38513b61f26c2a,Multicall,22392641,12 secs ago,0x738d47b7b6d5dba75fd479fa492dfb4adc9a21e1,0xb61c5bddc27371ca290f9a30cff3d2ff7dd64393,0 BNB,0.0003546
0x2c34f520ef45f88410ce0fbec9e70840ae4317355fd08998ab0cfc73671c1644,Swap,22392641,12 secs ago,0xfc77dbb4cb5f3943fa695542a45f28b657513b7e,Metamask: Swap Router,0 BNB,0.00323143
0x9ae47c4ee00b04e86edbfc3c301bdfec15fdf9d4742735a09060c0f0341cd15d,Transfer,22392641,12 secs ago,0xa65978975049d210c90ab805033854f22e891107,0x1498c2bc2c54838c71f86a29b21b3de035a5a36a,0.000210565 BNB,0.000105
0xb6b928b8abb37809753804293fbbb31d6cce05e2037c55ff9bec5a95a5a09909,Transfer,22392641,12 secs ago,0x4d5b10f862f6936b9dacb7d3c637c9eea9b4e52c,ArenaPlay: APC Token,0 BNB,0.00036281
0xec154cb48506a0ab32ab26573b7aebfec1859382556ec0442884e35e7915b888,Swap,22392641,12 secs ago,0x62cd4b63efcf337c729f27ec3ccbce20a3bcf04f,OpenOcean: Exchange V2,0 BNB,0.00410227
0x4b04195724a1b91acc2409a818bec47f36da4deb01c42a3996421bc9aba341e6,Issue Max Synths,22392641,12 secs ago,0x66f1d2f1f94d665cc506821dc05cbc29ee5b6805,Horizon Protocol: HZN Token,0 BNB,0.00190008
0xe6b1cbe28a17e44172304ece3ef1208aafa844731d5fe20b96157c91203d0e17,Approve,22392641,12 secs ago,0xa460f1a8c93552b6a4b78a2f2836fac226d94c70,0xc9882def23bc42d53895b8361d0b1edc7570bc6a,0 BNB,0.00022086
0x053aca7f6542affbad7c082dbb67c9fab99fc455dd9eb036fa6c522923c9984d,Transfer,22392641,12 secs ago,0xa33830c389288d5a09e637c93b32b118ca992e33,0xc043d538d86915963ade0995cac9ec1c53229681,7.164895 BNB,0.000105
0x6bd3dbeff6599d79ffb62c687a9376e7290d603c9c164ec363eb8d4b9bf5db46,Transfer,22392641,12 secs ago,0xbfa60b23ad5c299eaa751ce12ffd5eb6fe1c0740,0x3b5bbe51e85c83a5e11fe62363c25ac5bb970451,0.00033761 BNB,0.000105
0xc6d3261eb823981b716ea3628a8580064398fa1557d489f8cdb2f634cc6628d4,Checkin,22392641,12 secs ago,0x914f02fff8d6e4399ec337e105b93a670be25110,0x96eade4c5ca5251caa7801ed38fada4807f63cbe,0 BNB,0.00023898
0xe9ef432ec05b94635240cff260b964c8b1e4a57f892e61587e9006f213770521,Transfer,22392641,12 secs ago,0xe1b90e054e0c3a9ad7ac1a682e04be98e5653877,0x3b5bbe51e85c83a5e11fe62363c25ac5bb970451,0.00076544 BNB,0.000105
0x376a5ad9144a855b894821c975edf5147686b949f255d67ad351449fc2f4bc6f,0xae8bbe1d,22392641,12 secs ago,0xf7a4679c9e7881169d9ef265eaeeb22f225e00df,0x00a6e93e3ce5300e41e8ed25ebd69c328fd45e5a,0 BNB,0.00067597
0xa16fe27b05312ec73f14d82635e22ad722bf3bf1aa53ffb1886f4939069e4c5d,Buy,22392641,12 secs ago,0xec8e1ee4d808f7a8071f5963d8dda857ec473de0,0x0cbdc32604cba40a69ad1bc2a3376c9263df81d9,0 BNB,0.00041483
0x032ce35d93eaab22895f3afee0d108a52474dce78b79333192402b5122c80f46,Reinvest,22392641,12 secs ago,0xd87f47772f7e6406f5263aa554253c19f8983460,0x14db45524ba5c7a8f232ab0eca1115dde896f2fc,0 BNB,0.00075439
0xdebf6725493b70dfa019ef70855c7166998c88fe656f98124416b0dd4b91dd6d,Deposit,22392641,12 secs ago,0x38aba77b4400eed770991c14942542406047bee0,0x6f107ce8a4b14adc4ef8922398d2d25b3f55ebd3,0 BNB,0.00336803
0x52dc9e0b2cc3d99666a9f946ad5ae724b64a56311cd7cf48e7561cd21c1b7176,Transfer,22392641,12 secs ago,0x6e63b0a554d6baab5c6215dc9457ae0b98d66eaf,BUSD-T Stablecoin,0 BNB,0.00018057
0x55454066782ebef2e4424eff5aaf272602d711e4697943b7aac24c21e8311eaf,Add Liquidity ET...,22392641,12 secs ago,0x4da688a3177f47c73a103e8b59134a176bce3df0,PancakeSwap: Router v2,0.883701047205599 BNB,0.00103764
0x17e8fe8f0b36cc61cebbb269e8f26d963c3cff97b119e168046c5bb6d5e11e3d,Transfer,22392641,12 secs ago,0xbfd1889f067e32f317e45ac92d8f61f4cb41f372,Binance: BUSD Stablecoin,0 BNB,0.00018063
0xa947ec294a88f451901734a82fab076a2eb71527c404ab5252349b1754b2bde8,Transfer,22392641,12 secs ago,0xa02420a4a8d01b6968b9a1f6431c94db2dc7b070,0x3b5bbe51e85c83a5e11fe62363c25ac5bb970451,0.00076544 BNB,0.000105
0x00b80573437e98a831cf0d4d5c1f5d08ce83e0a54a7c0a32ad91e897322fa1b8,Transfer,22392641,12 secs ago,0x77e0c7b475b7700d4ada5afe32bb05ed91b830ea,0x8775be7f0fe076adfcb747d2d35be10202f8fc17,0.02567749 BNB,0.000105
0xe8f7e10fe43c3706a73d2e192d5ce1b1efa39c3e694694a405da6c009552464f,Transfer,22392641,12 secs ago,0x3ffca71e27caed7c42c6dcdc9cab8e4be53a57fd,0x4556cae65f9cd88613338e72389f591bcc7a1c55,0.000210565 BNB,0.000105
0xad2292d93421c71fea60817dd18d27b7afc67e10043d15da5608fdc4569a51e2,Transfer,22392641,12 secs ago,0x23e01d48dc07d70cfdbe06d25f15eacbd0671154,0x3b5bbe51e85c83a5e11fe62363c25ac5bb970451,0.00076544 BNB,0.000105
0x546bf3208a9a9314f3eef9b274d8af49b739ba5a317cef9f6adb7576d5b8cd39,Transfer,22392641,12 secs ago,0x2be6801a1d1d207fcae0358cc34b19d80be9a796,0x3b5bbe51e85c83a5e11fe62363c25ac5bb970451,0.00076544 BNB,0.000105
0x1292821a7549a20e8a90763948d35440525d23cd9244b0e3e86610fc6d931ebe,Transfer,22392641,12 secs ago,0x6c5d69fd16b0ace7b097bd7aa13ac70a4b69251c,0x3b5bbe51e85c83a5e11fe62363c25ac5bb970451,0.00076544 BNB,0.000105
0x7b8c9bd4b61eeae1eeeac9e8569718f0be429f10db0edc640e644f54847e082a,Level Up,22392641,12 secs ago,0xccca60291dc01d1366f29adbf252df41cb9f9550,0x3d24c45565834377b59fceaa6864d6c25144ad6c,0 BNB,0.00015892
0x37e7633b3c510307970d87b08f5bdb587a5888b3e93e0ed36df5d6ac6e98c9e2,Transfer,22392641,12 secs ago,0x1fa014798e15e57977eb503822bd9d5af7569445,0x71592c97d63673967ea8cda942b07e303b016185,0.000210565 BNB,0.000105
0x8535b71bb42e92b185d26ef46f5e2c6e2a3fc1f976ef04ffa68fccad2bb1594b,Transfer,22392641,12 secs ago,0x1350a62e07b463906550af1a6ddbe48b162b607e,0x3b5bbe51e85c83a5e11fe62363c25ac5bb970451,0.00076544 BNB,0.000105
0x5f74b55f1d5d394cadc1b9ecf82a27f4ed52aa9bbfefdbe3d6159735a5d5828e,Withdraw,22392641,12 secs ago,0x3342f63f5b09226fb814174e308dfce8a6bf572f,0x0e4643a9c89efaf64f6a76dce2bd4dc41e00ac90,0 BNB,0.00054322
0xb489616119946aa5fd6c4f30063b7139e281bd07693bfc6d07f9b322ece20276,Withdraw Profit,22392641,12 secs ago,0x81d561d18fedcf711faf58a48bf4359bb80e143b,0x7e4d17cf2e310320c6a8edeefa13bf5fd6138055,0 BNB,0.00055839
0xbd843565577a188a560e2116272de22a8d5d372af40325013abfbc3c9ab427fa,Fight,22392641,12 secs ago,0x8a895608b068bed4f8adda0ff031ae43e85a5ee8,0xce34a87173130ef691ff81fef1a6e8b8a9daca6f,0 BNB,0.00075594
0x8c64ecd816dda97f5238bda7ad064f7b3578064fe8be1024e486b53090bcc76b,Transfer,22392641,12 secs ago,0xa591ed0607868ed5476d842b8504db7c73087151,0x3b5bbe51e85c83a5e11fe62363c25ac5bb970451,0.00076544 BNB,0.000105
0x919debce46b3ce0559af3a3ce8713f033796f3e6856c91c8567d6418c10d0973,Swap Exact Token...,22392641,12 secs ago,0x17a615b7619768d8d0771809185cf89d628d9d67,PancakeSwap: Router v2,0 BNB,0.00389618
